Type,AudioCategory,WWiseIdKey,WWiseIdValue,GroupName,AliasName,Comment
Event,,Play__Dev_Device__External_Source,3462246304,Dev_Device,External_Source,
Event,,Play__Dev_Device__Tone_Generator,2415524415,Dev_Device,Tone_Generator,
Event,,Play__Dev_Robot_Factory__Scan_Loop_Stop_Bell,1550510811,Dev_Robot_Factory,Scan_Loop_Stop_Bell,
Event,,Play__Dev_Robot_Factory__Tone_1K_1Sec,392476676,Dev_Robot_Factory,Tone_1K_1Sec,
Event,,Play__Dev_Robot_Factory__Tone_1K_5Sec,3379703224,Dev_Robot_Factory,Tone_1K_5Sec,
Event,,Play__Dev_Robot__Angry_Muttering,2839960576,Dev_Robot,Angry_Muttering,
Event,,Play__Dev_Robot__Curious_Muttering,2942381837,Dev_Robot,Curious_Muttering,
Event,,Play__Dev_Robot__External_Source,2539447680,Dev_Robot,External_Source,
Event,,Play__Dev_Robot__Freq_Sweep_20Sec,4128432838,Dev_Robot,Freq_Sweep_20Sec,
Event,,Play__Dev_Robot__Freq_Sweep_5Sec,253187573,Dev_Robot,Freq_Sweep_5Sec,
Event,,Play__Dev_Robot__Fx_Test_Sequence,1735763806,Dev_Robot,Fx_Test_Sequence,
Event,,Play__Dev_Robot__Mozart,627442460,Dev_Robot,Mozart,
Event,,Play__Dev_Robot__Pink_1Sec,3980968688,Dev_Robot,Pink_1Sec,
Event,,Play__Dev_Robot__Pink_5Sec,988519260,Dev_Robot,Pink_5Sec,
Event,,Play__Dev_Robot__Playpen_Freq_Sweep,2363892348,Dev_Robot,Playpen_Freq_Sweep,
Event,,Play__Dev_Robot__Tone_10_Frames_01,211516390,Dev_Robot,Tone_10_Frames_01,
Event,,Play__Dev_Robot__Tone_150_Frames_01,1536061703,Dev_Robot,Tone_150_Frames_01,
Event,,Play__Dev_Robot__Tone_1760Hz_5Sec,3488492107,Dev_Robot,Tone_1760Hz_5Sec,
Event,,Play__Dev_Robot__Tone_1K_1Sec,4068444155,Dev_Robot,Tone_1K_1Sec,
Event,,Play__Dev_Robot__Tone_1K_5Sec,1034417959,Dev_Robot,Tone_1K_5Sec,
Event,,Play__Dev_Robot__Tone_30_Frames_01,2834616264,Dev_Robot,Tone_30_Frames_01,
Event,,Play__Dev_Robot__Tone_440Hz_5Sec,1471825745,Dev_Robot,Tone_440Hz_5Sec,
Event,,Play__Dev_Robot__White_5Sec,4289674931,Dev_Robot,White_5Sec,
Event,,Play__Dev_Squawk__Blackjack_Lose,3912070771,Dev_Squawk,Blackjack_Lose,
Event,,Play__Dev_Squawk__Camera_Flash,4063827073,Dev_Squawk,Camera_Flash,
Event,,Play__Dev_Squawk__Emote_Happy,540775366,Dev_Squawk,Emote_Happy,
Event,,Play__Dev_Squawk__Fist_Bump,969212508,Dev_Squawk,Fist_Bump,
Event,,Play__Dev_Squawk__Head_Long_Curious,3780596321,Dev_Squawk,Head_Long_Curious,
Event,,Play__Dev_Squawk__Head_Short_Curious,2320289125,Dev_Squawk,Head_Short_Curious,
Event,,Play__Dev_Squawk__No_Wifi,2268001086,Dev_Squawk,No_Wifi,
Event,,Play__Dev_Squawk__Tread_Happy,621662666,Dev_Squawk,Tread_Happy,
Event,,Play__Dev_Squawk__Wake_Word_On,4211032222,Dev_Squawk,Wake_Word_On,
Event,,Play__Robot_Sfx__Fist_Bump,1216170354,Robot_Sfx,Fist_Bump,
Event,,Play__Robot_Vic_Alexa__Avs_System_Prompt_Error_Cannot_Play_Song,1721825381,Robot_Vic_Alexa,Avs_System_Prompt_Error_Cannot_Play_Song,
Event,,Play__Robot_Vic_Alexa__Avs_System_Prompt_Error_Offline_Lost_Connection,2347545436,Robot_Vic_Alexa,Avs_System_Prompt_Error_Offline_Lost_Connection,
Event,,Play__Robot_Vic_Alexa__Avs_System_Prompt_Error_Offline_Not_Connected_To_Internet,2960318302,Robot_Vic_Alexa,Avs_System_Prompt_Error_Offline_Not_Connected_To_Internet,
Event,,Play__Robot_Vic_Alexa__Avs_System_Prompt_Error_Offline_Not_Connected_To_Service_Else,1248646962,Robot_Vic_Alexa,Avs_System_Prompt_Error_Offline_Not_Connected_To_Service_Else,
Event,,Play__Robot_Vic_Alexa__Avs_System_Prompt_Error_Offline_Not_Registered,2172739081,Robot_Vic_Alexa,Avs_System_Prompt_Error_Offline_Not_Registered,
Event,,Play__Robot_Vic_Alexa__External_Alerts_Pause,2688639192,Robot_Vic_Alexa,External_Alerts_Pause,
Event,,Play__Robot_Vic_Alexa__External_Alerts_Play,1768349824,Robot_Vic_Alexa,External_Alerts_Play,
Event,,Play__Robot_Vic_Alexa__External_Alerts_Resume,2869910227,Robot_Vic_Alexa,External_Alerts_Resume,
Event,,Play__Robot_Vic_Alexa__External_Media_Pause,3478768817,Robot_Vic_Alexa,External_Media_Pause,
Event,,Play__Robot_Vic_Alexa__External_Media_Play,857094875,Robot_Vic_Alexa,External_Media_Play,
Event,,Play__Robot_Vic_Alexa__External_Media_Resume,94934096,Robot_Vic_Alexa,External_Media_Resume,
Event,,Play__Robot_Vic_Alexa__External_Notifications_Pause,2821049893,Robot_Vic_Alexa,External_Notifications_Pause,
Event,,Play__Robot_Vic_Alexa__External_Notifications_Play,3096506751,Robot_Vic_Alexa,External_Notifications_Play,
Event,,Play__Robot_Vic_Alexa__External_Notifications_Resume,4266515628,Robot_Vic_Alexa,External_Notifications_Resume,
Event,,Play__Robot_Vic_Alexa__External_Voice_Pause,1040115983,Robot_Vic_Alexa,External_Voice_Pause,
Event,,Play__Robot_Vic_Alexa__External_Voice_Play,1439924065,Robot_Vic_Alexa,External_Voice_Play,
Event,,Play__Robot_Vic_Alexa__External_Voice_Resume,3149295678,Robot_Vic_Alexa,External_Voice_Resume,
Event,,Play__Robot_Vic_Alexa__Sfx_Sml_Alerts_Notification_01,1345769624,Robot_Vic_Alexa,Sfx_Sml_Alerts_Notification_01,
Event,,Play__Robot_Vic_Alexa__Sfx_Sml_Alerts_Notification_03,1345769626,Robot_Vic_Alexa,Sfx_Sml_Alerts_Notification_03,
Event,,Play__Robot_Vic_Alexa__Sfx_Sml_State_Bluetooth_Connected,1824844463,Robot_Vic_Alexa,Sfx_Sml_State_Bluetooth_Connected,
Event,,Play__Robot_Vic_Alexa__Sfx_Sml_State_Bluetooth_Disconnected,815245339,Robot_Vic_Alexa,Sfx_Sml_State_Bluetooth_Disconnected,
Event,,Play__Robot_Vic_Alexa__Sfx_Sml_State_Privacy_Mode_Off,1150286419,Robot_Vic_Alexa,Sfx_Sml_State_Privacy_Mode_Off,
Event,,Play__Robot_Vic_Alexa__Sfx_Sml_State_Privacy_Mode_On,854495775,Robot_Vic_Alexa,Sfx_Sml_State_Privacy_Mode_On,
Event,,Play__Robot_Vic_Alexa__Sfx_Sml_System_Alerts_Melodic_01,219117156,Robot_Vic_Alexa,Sfx_Sml_System_Alerts_Melodic_01,
Event,,Play__Robot_Vic_Alexa__Sfx_Sml_System_Alerts_Melodic_01_Short,1818400219,Robot_Vic_Alexa,Sfx_Sml_System_Alerts_Melodic_01_Short,
Event,,Play__Robot_Vic_Alexa__Sfx_Sml_System_Alerts_Melodic_02,219117159,Robot_Vic_Alexa,Sfx_Sml_System_Alerts_Melodic_02,
Event,,Play__Robot_Vic_Alexa__Sfx_Sml_System_Alerts_Melodic_02_Short,2441768920,Robot_Vic_Alexa,Sfx_Sml_System_Alerts_Melodic_02_Short,
Event,,Play__Robot_Vic_Alexa__Sfx_Sml_Ui_Endpointing,307430215,Robot_Vic_Alexa,Sfx_Sml_Ui_Endpointing,
Event,,Play__Robot_Vic_Alexa__Sfx_Sml_Ui_Endpointing_Touch,2725306379,Robot_Vic_Alexa,Sfx_Sml_Ui_Endpointing_Touch,
Event,,Play__Robot_Vic_Alexa__Sfx_Sml_Ui_Wakesound,1370162399,Robot_Vic_Alexa,Sfx_Sml_Ui_Wakesound,
Event,,Play__Robot_Vic_Alexa__Sfx_Sml_Ui_Wakesound_Touch,1028223059,Robot_Vic_Alexa,Sfx_Sml_Ui_Wakesound_Touch,
Event,,Play__Robot_Vic_Alexa__Sfx_Sml_Utility_500Ms_Blank,4035154116,Robot_Vic_Alexa,Sfx_Sml_Utility_500Ms_Blank,
Event,,Play__Robot_Vic_Scene__Anim_Abort,3575715931,Robot_Vic_Scene,Anim_Abort,
Event,,Play__Robot_Vic_Scene__Low_Power_Mode_Off,2023173047,Robot_Vic_Scene,Low_Power_Mode_Off,
Event,,Play__Robot_Vic_Scene__Low_Power_Mode_On,596052867,Robot_Vic_Scene,Low_Power_Mode_On,
Event,,Play__Robot_Vic_Scene__Mov_Rtpc_Reset,1762574059,Robot_Vic_Scene,Mov_Rtpc_Reset,
Event,,Play__Robot_Vic_Scene__Quiet_Off,2112819935,Robot_Vic_Scene,Quiet_Off,
Event,,Play__Robot_Vic_Scene__Quiet_On,1987410443,Robot_Vic_Scene,Quiet_On,
Event,,Play__Robot_Vic_Scene__Working_On_It_Off,2676091470,Robot_Vic_Scene,Working_On_It_Off,
Event,,Play__Robot_Vic_Scene__Working_On_It_On,238773808,Robot_Vic_Scene,Working_On_It_On,
Event,,Play__Robot_Vic_Sfx__Alexa_Display_Off,652872314,Robot_Vic_Sfx,Alexa_Display_Off,
Event,,Play__Robot_Vic_Sfx__Alexa_Display_On,2943586044,Robot_Vic_Sfx,Alexa_Display_On,
Event,,Play__Robot_Vic_Sfx__Attention_Device_Loop_Play,1135332675,Robot_Vic_Sfx,Attention_Device_Loop_Play,
Event,,Play__Robot_Vic_Sfx__Attention_Device_Phone,3705436708,Robot_Vic_Sfx,Attention_Device_Phone,
Event,,Play__Robot_Vic_Sfx__Behavior_Playback_Audio,2989671047,Robot_Vic_Sfx,Behavior_Playback_Audio,
Event,,Play__Robot_Vic_Sfx__Binary_Eyes_Digit,3939416016,Robot_Vic_Sfx,Binary_Eyes_Digit,
Event,,Play__Robot_Vic_Sfx__Binary_Eyes_Intro,3034653681,Robot_Vic_Sfx,Binary_Eyes_Intro,
Event,,Play__Robot_Vic_Sfx__Binary_Eyes_Outro,2641273550,Robot_Vic_Sfx,Binary_Eyes_Outro,
Event,,Play__Robot_Vic_Sfx__Binary_Eyes_Start_Glitch,1851207257,Robot_Vic_Sfx,Binary_Eyes_Start_Glitch,
Event,,Play__Robot_Vic_Sfx__Blackjack_Deal,3691452503,Robot_Vic_Sfx,Blackjack_Deal,
Event,,Play__Robot_Vic_Sfx__Blackjack_Getin,3981041882,Robot_Vic_Sfx,Blackjack_Getin,
Event,,Play__Robot_Vic_Sfx__Blackjack_Lose,1871298466,Robot_Vic_Sfx,Blackjack_Lose,
Event,,Play__Robot_Vic_Sfx__Blackjack_Spread,3797626084,Robot_Vic_Sfx,Blackjack_Spread,
Event,,Play__Robot_Vic_Sfx__Blackjack_Swipe,3428971105,Robot_Vic_Sfx,Blackjack_Swipe,
Event,,Play__Robot_Vic_Sfx__Blackjack_Win,293598009,Robot_Vic_Sfx,Blackjack_Win,
Event,,Play__Robot_Vic_Sfx__Blink,3688286452,Robot_Vic_Sfx,Blink,
Event,,Play__Robot_Vic_Sfx__Camera_Charge_Play,1312053763,Robot_Vic_Sfx,Camera_Charge_Play,
Event,,Play__Robot_Vic_Sfx__Camera_Flash,3043844820,Robot_Vic_Sfx,Camera_Flash,
Event,,Play__Robot_Vic_Sfx__Camera_Focus,4217238598,Robot_Vic_Sfx,Camera_Focus,
Event,,Play__Robot_Vic_Sfx__Camera_Focus_1,1736370598,Robot_Vic_Sfx,Camera_Focus_1,
Event,,Play__Robot_Vic_Sfx__Camera_Focus_2,1736370597,Robot_Vic_Sfx,Camera_Focus_2,
Event,,Play__Robot_Vic_Sfx__Camera_Focus_3,1736370596,Robot_Vic_Sfx,Camera_Focus_3,
Event,,Play__Robot_Vic_Sfx__Cant_Do,2241028412,Robot_Vic_Sfx,Cant_Do,
Event,,Play__Robot_Vic_Sfx__Charger_Search_Ping,2908727346,Robot_Vic_Sfx,Charger_Search_Ping,
Event,,Play__Robot_Vic_Sfx__Concentrate_Fail,4080696361,Robot_Vic_Sfx,Concentrate_Fail,
Event,,Play__Robot_Vic_Sfx__Concentrate_Loop_Play,1251262896,Robot_Vic_Sfx,Concentrate_Loop_Play,
Event,,Play__Robot_Vic_Sfx__Concentrate_Success,3430886582,Robot_Vic_Sfx,Concentrate_Success,
Event,,Play__Robot_Vic_Sfx__Cube_Search_Ping,1354807363,Robot_Vic_Sfx,Cube_Search_Ping,
Event,,Play__Robot_Vic_Sfx__Distress_Alert,1531247580,Robot_Vic_Sfx,Distress_Alert,
Event,,Play__Robot_Vic_Sfx__Dsp_Loop_Play,4074272165,Robot_Vic_Sfx,Dsp_Loop_Play,
Event,,Play__Robot_Vic_Sfx__Emote_Cant_Do_That_1,3950866387,Robot_Vic_Sfx,Emote_Cant_Do_That_1,
Event,,Play__Robot_Vic_Sfx__Emote_Cant_Do_That_2,3950866384,Robot_Vic_Sfx,Emote_Cant_Do_That_2,
Event,,Play__Robot_Vic_Sfx__Emote_Cant_Do_That_3,3950866385,Robot_Vic_Sfx,Emote_Cant_Do_That_3,
Event,,Play__Robot_Vic_Sfx__Emote_Cant_Do_That_4,3950866390,Robot_Vic_Sfx,Emote_Cant_Do_That_4,
Event,,Play__Robot_Vic_Sfx__Emote_Curious_Long,168487306,Robot_Vic_Sfx,Emote_Curious_Long,
Event,,Play__Robot_Vic_Sfx__Emote_Curious_Long_Stim,4206946690,Robot_Vic_Sfx,Emote_Curious_Long_Stim,
Event,,Play__Robot_Vic_Sfx__Emote_Curious_Short,278213126,Robot_Vic_Sfx,Emote_Curious_Short,
Event,,Play__Robot_Vic_Sfx__Emote_Curious_Short_Stim,100246366,Robot_Vic_Sfx,Emote_Curious_Short_Stim,
Event,,Play__Robot_Vic_Sfx__Emote_Feedback_Apology,2136765628,Robot_Vic_Sfx,Emote_Feedback_Apology,
Event,,Play__Robot_Vic_Sfx__Emote_Feedback_Bad_Robot,923666381,Robot_Vic_Sfx,Emote_Feedback_Bad_Robot,
Event,,Play__Robot_Vic_Sfx__Emote_Feedback_Be_Quiet,2460233869,Robot_Vic_Sfx,Emote_Feedback_Be_Quiet,
Event,,Play__Robot_Vic_Sfx__Emote_Feedback_Good_Robot,3396586077,Robot_Vic_Sfx,Emote_Feedback_Good_Robot,
Event,,Play__Robot_Vic_Sfx__Emote_Feedback_Love,4257411731,Robot_Vic_Sfx,Emote_Feedback_Love,
Event,,Play__Robot_Vic_Sfx__Emote_Feedback_Shut_Up,3056211831,Robot_Vic_Sfx,Emote_Feedback_Shut_Up,
Event,,Play__Robot_Vic_Sfx__Emote_Feedback_Shut_Up_Come_At_Me,1181334695,Robot_Vic_Sfx,Emote_Feedback_Shut_Up_Come_At_Me,
Event,,Play__Robot_Vic_Sfx__Emote_Feedback_Shut_Up_Eye_Roll,3606332945,Robot_Vic_Sfx,Emote_Feedback_Shut_Up_Eye_Roll,
Event,,Play__Robot_Vic_Sfx__Emote_Greeting_Good_Morning,1786707793,Robot_Vic_Sfx,Emote_Greeting_Good_Morning,
Event,,Play__Robot_Vic_Sfx__Emote_Greeting_Goodbye,4190885404,Robot_Vic_Sfx,Emote_Greeting_Goodbye,
Event,,Play__Robot_Vic_Sfx__Emote_Greeting_Goodbye_Sad,3093506817,Robot_Vic_Sfx,Emote_Greeting_Goodbye_Sad,
Event,,Play__Robot_Vic_Sfx__Emote_Greeting_Goodnight,2199944662,Robot_Vic_Sfx,Emote_Greeting_Goodnight,
Event,,Play__Robot_Vic_Sfx__Emote_Greeting_Goodnight_Sleep,2099947214,Robot_Vic_Sfx,Emote_Greeting_Goodnight_Sleep,
Event,,Play__Robot_Vic_Sfx__Emote_Greeting_Hello,1304467293,Robot_Vic_Sfx,Emote_Greeting_Hello,
Event,,Play__Robot_Vic_Sfx__Emote_Happy_Long,2274456998,Robot_Vic_Sfx,Emote_Happy_Long,
Event,,Play__Robot_Vic_Sfx__Emote_Happy_Long_Stim,32945214,Robot_Vic_Sfx,Emote_Happy_Long_Stim,
Event,,Play__Robot_Vic_Sfx__Emote_Happy_Short,2483759946,Robot_Vic_Sfx,Emote_Happy_Short,
Event,,Play__Robot_Vic_Sfx__Emote_Happy_Short_Stim,2268335938,Robot_Vic_Sfx,Emote_Happy_Short_Stim,
Event,,Play__Robot_Vic_Sfx__Emote_Sad_Long,3168489024,Robot_Vic_Sfx,Emote_Sad_Long,
Event,,Play__Robot_Vic_Sfx__Emote_Sad_Long_Stim,3323464084,Robot_Vic_Sfx,Emote_Sad_Long_Stim,
Event,,Play__Robot_Vic_Sfx__Emote_Sad_Short,3300673888,Robot_Vic_Sfx,Emote_Sad_Short,
Event,,Play__Robot_Vic_Sfx__Emote_Sad_Short_Stim,1506863732,Robot_Vic_Sfx,Emote_Sad_Short_Stim,
Event,,Play__Robot_Vic_Sfx__Emote_Shaking_Level_3,1234596125,Robot_Vic_Sfx,Emote_Shaking_Level_3,
Event,,Play__Robot_Vic_Sfx__Emote_Weather_Cloudy,1579329514,Robot_Vic_Sfx,Emote_Weather_Cloudy,
Event,,Play__Robot_Vic_Sfx__Emote_Weather_Rain,4218051108,Robot_Vic_Sfx,Emote_Weather_Rain,
Event,,Play__Robot_Vic_Sfx__Emote_Weather_Sunny,2500637363,Robot_Vic_Sfx,Emote_Weather_Sunny,
Event,,Play__Robot_Vic_Sfx__Emote_Weather_Thunder,4070524900,Robot_Vic_Sfx,Emote_Weather_Thunder,
Event,,Play__Robot_Vic_Sfx__Emote_Weather_Windy,2607206181,Robot_Vic_Sfx,Emote_Weather_Windy,
Event,,Play__Robot_Vic_Sfx__Eye_Color_Change,2345965616,Robot_Vic_Sfx,Eye_Color_Change,
Event,,Play__Robot_Vic_Sfx__Fist_Bump,1328248747,Robot_Vic_Sfx,Fist_Bump,
Event,,Play__Robot_Vic_Sfx__Gazing_Scan,3291976308,Robot_Vic_Sfx,Gazing_Scan,
Event,,Play__Robot_Vic_Sfx__Head_Down_Long_Angry,1500480562,Robot_Vic_Sfx,Head_Down_Long_Angry,
Event,,Play__Robot_Vic_Sfx__Head_Down_Long_Curious,4129494295,Robot_Vic_Sfx,Head_Down_Long_Curious,
Event,,Play__Robot_Vic_Sfx__Head_Down_Long_Effort,3240385917,Robot_Vic_Sfx,Head_Down_Long_Effort,
Event,,Play__Robot_Vic_Sfx__Head_Down_Long_Excited,2727115439,Robot_Vic_Sfx,Head_Down_Long_Excited,
Event,,Play__Robot_Vic_Sfx__Head_Down_Long_Frustrated,3773492765,Robot_Vic_Sfx,Head_Down_Long_Frustrated,
Event,,Play__Robot_Vic_Sfx__Head_Down_Long_Happy,2316978067,Robot_Vic_Sfx,Head_Down_Long_Happy,
Event,,Play__Robot_Vic_Sfx__Head_Down_Long_Neutral,1242048048,Robot_Vic_Sfx,Head_Down_Long_Neutral,
Event,,Play__Robot_Vic_Sfx__Head_Down_Long_Sad,1984864293,Robot_Vic_Sfx,Head_Down_Long_Sad,
Event,,Play__Robot_Vic_Sfx__Head_Down_Long_Surprised,3279354518,Robot_Vic_Sfx,Head_Down_Long_Surprised,
Event,,Play__Robot_Vic_Sfx__Head_Down_Micro_Angry,948923880,Robot_Vic_Sfx,Head_Down_Micro_Angry,
Event,,Play__Robot_Vic_Sfx__Head_Down_Micro_Curious,16087513,Robot_Vic_Sfx,Head_Down_Micro_Curious,
Event,,Play__Robot_Vic_Sfx__Head_Down_Micro_Effort,2507176587,Robot_Vic_Sfx,Head_Down_Micro_Effort,
Event,,Play__Robot_Vic_Sfx__Head_Down_Micro_Excited,3309105517,Robot_Vic_Sfx,Head_Down_Micro_Excited,
Event,,Play__Robot_Vic_Sfx__Head_Down_Micro_Frustrated,1946288595,Robot_Vic_Sfx,Head_Down_Micro_Frustrated,
Event,,Play__Robot_Vic_Sfx__Head_Down_Micro_Happy,3376462589,Robot_Vic_Sfx,Head_Down_Micro_Happy,
Event,,Play__Robot_Vic_Sfx__Head_Down_Micro_Neutral,571987810,Robot_Vic_Sfx,Head_Down_Micro_Neutral,
Event,,Play__Robot_Vic_Sfx__Head_Down_Micro_Sad,2026706803,Robot_Vic_Sfx,Head_Down_Micro_Sad,
Event,,Play__Robot_Vic_Sfx__Head_Down_Micro_Surprised,3277683584,Robot_Vic_Sfx,Head_Down_Micro_Surprised,
Event,,Play__Robot_Vic_Sfx__Head_Down_Short_Angry,1937738898,Robot_Vic_Sfx,Head_Down_Short_Angry,
Event,,Play__Robot_Vic_Sfx__Head_Down_Short_Curious,3765223799,Robot_Vic_Sfx,Head_Down_Short_Curious,
Event,,Play__Robot_Vic_Sfx__Head_Down_Short_Effort,4271694941,Robot_Vic_Sfx,Head_Down_Short_Effort,
Event,,Play__Robot_Vic_Sfx__Head_Down_Short_Excited,1195953423,Robot_Vic_Sfx,Head_Down_Short_Excited,
Event,,Play__Robot_Vic_Sfx__Head_Down_Short_Frustrated,739422973,Robot_Vic_Sfx,Head_Down_Short_Frustrated,
Event,,Play__Robot_Vic_Sfx__Head_Down_Short_Happy,3178694131,Robot_Vic_Sfx,Head_Down_Short_Happy,
Event,,Play__Robot_Vic_Sfx__Head_Down_Short_Neutral,4005853328,Robot_Vic_Sfx,Head_Down_Short_Neutral,
Event,,Play__Robot_Vic_Sfx__Head_Down_Short_Sad,3914244997,Robot_Vic_Sfx,Head_Down_Short_Sad,
Event,,Play__Robot_Vic_Sfx__Head_Down_Short_Surprised,3841377270,Robot_Vic_Sfx,Head_Down_Short_Surprised,
Event,,Play__Robot_Vic_Sfx__Head_Loop_Play,1357335898,Robot_Vic_Sfx,Head_Loop_Play,
Event,,Play__Robot_Vic_Sfx__Head_Petting_Level_01,902182529,Robot_Vic_Sfx,Head_Petting_Level_01,
Event,,Play__Robot_Vic_Sfx__Head_Petting_Level_02,902182530,Robot_Vic_Sfx,Head_Petting_Level_02,
Event,,Play__Robot_Vic_Sfx__Head_Petting_Level_03,902182531,Robot_Vic_Sfx,Head_Petting_Level_03,
Event,,Play__Robot_Vic_Sfx__Head_Petting_Level_04,902182532,Robot_Vic_Sfx,Head_Petting_Level_04,
Event,,Play__Robot_Vic_Sfx__Head_Up_Long,3825278913,Robot_Vic_Sfx,Head_Up_Long,
Event,,Play__Robot_Vic_Sfx__Head_Up_Long_Angry,333319843,Robot_Vic_Sfx,Head_Up_Long_Angry,
Event,,Play__Robot_Vic_Sfx__Head_Up_Long_Curious,485658282,Robot_Vic_Sfx,Head_Up_Long_Curious,
Event,,Play__Robot_Vic_Sfx__Head_Up_Long_Effort,544144366,Robot_Vic_Sfx,Head_Up_Long_Effort,
Event,,Play__Robot_Vic_Sfx__Head_Up_Long_Excited,2834027966,Robot_Vic_Sfx,Head_Up_Long_Excited,
Event,,Play__Robot_Vic_Sfx__Head_Up_Long_Frustrated,2727833730,Robot_Vic_Sfx,Head_Up_Long_Frustrated,
Event,,Play__Robot_Vic_Sfx__Head_Up_Long_Happy,1377916814,Robot_Vic_Sfx,Head_Up_Long_Happy,
Event,,Play__Robot_Vic_Sfx__Head_Up_Long_Neutral,2918178017,Robot_Vic_Sfx,Head_Up_Long_Neutral,
Event,,Play__Robot_Vic_Sfx__Head_Up_Long_Sad,1851080792,Robot_Vic_Sfx,Head_Up_Long_Sad,
Event,,Play__Robot_Vic_Sfx__Head_Up_Long_Surprised,212200851,Robot_Vic_Sfx,Head_Up_Long_Surprised,
Event,,Play__Robot_Vic_Sfx__Head_Up_Micro_Angry,2904355467,Robot_Vic_Sfx,Head_Up_Micro_Angry,
Event,,Play__Robot_Vic_Sfx__Head_Up_Micro_Curious,4157094450,Robot_Vic_Sfx,Head_Up_Micro_Curious,
Event,,Play__Robot_Vic_Sfx__Head_Up_Micro_Effort,3515369910,Robot_Vic_Sfx,Head_Up_Micro_Effort,
Event,,Play__Robot_Vic_Sfx__Head_Up_Micro_Excited,389997670,Robot_Vic_Sfx,Head_Up_Micro_Excited,
Event,,Play__Robot_Vic_Sfx__Head_Up_Micro_Frustrated,1959779482,Robot_Vic_Sfx,Head_Up_Micro_Frustrated,
Event,,Play__Robot_Vic_Sfx__Head_Up_Micro_Happy,3995789686,Robot_Vic_Sfx,Head_Up_Micro_Happy,
Event,,Play__Robot_Vic_Sfx__Head_Up_Micro_Neutral,4233613545,Robot_Vic_Sfx,Head_Up_Micro_Neutral,
Event,,Play__Robot_Vic_Sfx__Head_Up_Micro_Sad,1268088608,Robot_Vic_Sfx,Head_Up_Micro_Sad,
Event,,Play__Robot_Vic_Sfx__Head_Up_Micro_Surprised,3970067883,Robot_Vic_Sfx,Head_Up_Micro_Surprised,
Event,,Play__Robot_Vic_Sfx__Head_Up_Short,2451569527,Robot_Vic_Sfx,Head_Up_Short,
Event,,Play__Robot_Vic_Sfx__Head_Up_Short_Angry,2939047873,Robot_Vic_Sfx,Head_Up_Short_Angry,
Event,,Play__Robot_Vic_Sfx__Head_Up_Short_Curious,1393504716,Robot_Vic_Sfx,Head_Up_Short_Curious,
Event,,Play__Robot_Vic_Sfx__Head_Up_Short_Effort,1165565764,Robot_Vic_Sfx,Head_Up_Short_Effort,
Event,,Play__Robot_Vic_Sfx__Head_Up_Short_Excited,158400132,Robot_Vic_Sfx,Head_Up_Short_Excited,
Event,,Play__Robot_Vic_Sfx__Head_Up_Short_Frustrated,1129945440,Robot_Vic_Sfx,Head_Up_Short_Frustrated,
Event,,Play__Robot_Vic_Sfx__Head_Up_Short_Happy,686615416,Robot_Vic_Sfx,Head_Up_Short_Happy,
Event,,Play__Robot_Vic_Sfx__Head_Up_Short_Neutral,83693475,Robot_Vic_Sfx,Head_Up_Short_Neutral,
Event,,Play__Robot_Vic_Sfx__Head_Up_Short_Sad,3875852678,Robot_Vic_Sfx,Head_Up_Short_Sad,
Event,,Play__Robot_Vic_Sfx__Head_Up_Short_Surprised,941039741,Robot_Vic_Sfx,Head_Up_Short_Surprised,
Event,,Play__Robot_Vic_Sfx__Holiday_Confetti_Build,3515689336,Robot_Vic_Sfx,Holiday_Confetti_Build,
Event,,Play__Robot_Vic_Sfx__Holiday_Confetti_Explode,649069951,Robot_Vic_Sfx,Holiday_Confetti_Explode,
Event,,Play__Robot_Vic_Sfx__Holiday_Fireworks_Explode,1430272919,Robot_Vic_Sfx,Holiday_Fireworks_Explode,
Event,,Play__Robot_Vic_Sfx__Holiday_Fireworks_Shoot,258785237,Robot_Vic_Sfx,Holiday_Fireworks_Shoot,
Event,,Play__Robot_Vic_Sfx__Holiday_Fireworks_Start,3714792276,Robot_Vic_Sfx,Holiday_Fireworks_Start,
Event,,Play__Robot_Vic_Sfx__Holiday_Lights_Appear,2091613738,Robot_Vic_Sfx,Holiday_Lights_Appear,
Event,,Play__Robot_Vic_Sfx__Holiday_Lights_Build,1711301107,Robot_Vic_Sfx,Holiday_Lights_Build,
Event,,Play__Robot_Vic_Sfx__Holiday_Lights_Build_Short,2276351468,Robot_Vic_Sfx,Holiday_Lights_Build_Short,
Event,,Play__Robot_Vic_Sfx__Holiday_Lights_Disappear,827015036,Robot_Vic_Sfx,Holiday_Lights_Disappear,
Event,,Play__Robot_Vic_Sfx__Holiday_Lights_Move,435573870,Robot_Vic_Sfx,Holiday_Lights_Move,
Event,,Play__Robot_Vic_Sfx__Holiday_Lights_Shake_Long,3965268362,Robot_Vic_Sfx,Holiday_Lights_Shake_Long,
Event,,Play__Robot_Vic_Sfx__Holiday_Lights_Shake_Medium,482240837,Robot_Vic_Sfx,Holiday_Lights_Shake_Medium,
Event,,Play__Robot_Vic_Sfx__Holiday_Lights_Shake_Short,1372621318,Robot_Vic_Sfx,Holiday_Lights_Shake_Short,
Event,,Play__Robot_Vic_Sfx__Holiday_Lights_Slide,2606889820,Robot_Vic_Sfx,Holiday_Lights_Slide,
Event,,Play__Robot_Vic_Sfx__How_Old_Fast,190587959,Robot_Vic_Sfx,How_Old_Fast,
Event,,Play__Robot_Vic_Sfx__How_Old_Loop_Play,978953316,Robot_Vic_Sfx,How_Old_Loop_Play,
Event,,Play__Robot_Vic_Sfx__How_Old_Slow,3051150798,Robot_Vic_Sfx,How_Old_Slow,
Event,,Play__Robot_Vic_Sfx__Knowledge_Graph_Listening_Loop_End,732391128,Robot_Vic_Sfx,Knowledge_Graph_Listening_Loop_End,
Event,,Play__Robot_Vic_Sfx__Knowledge_Graph_Listening_Loop_Play,1408631403,Robot_Vic_Sfx,Knowledge_Graph_Listening_Loop_Play,
Event,,Play__Robot_Vic_Sfx__Knowledge_Graph_Listening_Loop_Start,3044908163,Robot_Vic_Sfx,Knowledge_Graph_Listening_Loop_Start,
Event,,Play__Robot_Vic_Sfx__Knowledge_Graph_Loop_Play,2075663789,Robot_Vic_Sfx,Knowledge_Graph_Loop_Play,
Event,,Play__Robot_Vic_Sfx__Knowledge_Graph_Searching_Loop_End,2211318753,Robot_Vic_Sfx,Knowledge_Graph_Searching_Loop_End,
Event,,Play__Robot_Vic_Sfx__Knowledge_Graph_Searching_Loop_Play,96988472,Robot_Vic_Sfx,Knowledge_Graph_Searching_Loop_Play,
Event,,Play__Robot_Vic_Sfx__Knowledge_Graph_Searching_Loop_Start,761202130,Robot_Vic_Sfx,Knowledge_Graph_Searching_Loop_Start,
Event,,Play__Robot_Vic_Sfx__Lift_Down_Long,1465647653,Robot_Vic_Sfx,Lift_Down_Long,
Event,,Play__Robot_Vic_Sfx__Lift_Down_Short,661891843,Robot_Vic_Sfx,Lift_Down_Short,
Event,,Play__Robot_Vic_Sfx__Lift_High_Dancing_Big,1201929830,Robot_Vic_Sfx,Lift_High_Dancing_Big,
Event,,Play__Robot_Vic_Sfx__Lift_High_Dancing_Small,992178953,Robot_Vic_Sfx,Lift_High_Dancing_Small,
Event,,Play__Robot_Vic_Sfx__Lift_High_Down_Long,2548052428,Robot_Vic_Sfx,Lift_High_Down_Long,
Event,,Play__Robot_Vic_Sfx__Lift_High_Down_Long_Angry,1827504806,Robot_Vic_Sfx,Lift_High_Down_Long_Angry,
Event,,Play__Robot_Vic_Sfx__Lift_High_Down_Long_Curious,791376499,Robot_Vic_Sfx,Lift_High_Down_Long_Curious,
Event,,Play__Robot_Vic_Sfx__Lift_High_Down_Long_Effort,2211807329,Robot_Vic_Sfx,Lift_High_Down_Long_Effort,
Event,,Play__Robot_Vic_Sfx__Lift_High_Down_Long_Excited,514935507,Robot_Vic_Sfx,Lift_High_Down_Long_Excited,
Event,,Play__Robot_Vic_Sfx__Lift_High_Down_Long_Frustrated,3968555817,Robot_Vic_Sfx,Lift_High_Down_Long_Frustrated,
Event,,Play__Robot_Vic_Sfx__Lift_High_Down_Long_Happy,1717116727,Robot_Vic_Sfx,Lift_High_Down_Long_Happy,
Event,,Play__Robot_Vic_Sfx__Lift_High_Down_Long_Neutral,1789553612,Robot_Vic_Sfx,Lift_High_Down_Long_Neutral,
Event,,Play__Robot_Vic_Sfx__Lift_High_Down_Long_Sad,2568320945,Robot_Vic_Sfx,Lift_High_Down_Long_Sad,
Event,,Play__Robot_Vic_Sfx__Lift_High_Down_Long_Surprised,2616099714,Robot_Vic_Sfx,Lift_High_Down_Long_Surprised,
Event,,Play__Robot_Vic_Sfx__Lift_High_Down_Micro_Angry,1697864692,Robot_Vic_Sfx,Lift_High_Down_Micro_Angry,
Event,,Play__Robot_Vic_Sfx__Lift_High_Down_Micro_Curious,3007251021,Robot_Vic_Sfx,Lift_High_Down_Micro_Curious,
Event,,Play__Robot_Vic_Sfx__Lift_High_Down_Micro_Effort,2751727815,Robot_Vic_Sfx,Lift_High_Down_Micro_Effort,
Event,,Play__Robot_Vic_Sfx__Lift_High_Down_Micro_Excited,4236291785,Robot_Vic_Sfx,Lift_High_Down_Micro_Excited,
Event,,Play__Robot_Vic_Sfx__Lift_High_Down_Micro_Frustrated,4246099063,Robot_Vic_Sfx,Lift_High_Down_Micro_Frustrated,
Event,,Play__Robot_Vic_Sfx__Lift_High_Down_Micro_Happy,1432672265,Robot_Vic_Sfx,Lift_High_Down_Micro_Happy,
Event,,Play__Robot_Vic_Sfx__Lift_High_Down_Micro_Neutral,2687281750,Robot_Vic_Sfx,Lift_High_Down_Micro_Neutral,
Event,,Play__Robot_Vic_Sfx__Lift_High_Down_Micro_Sad,3802306023,Robot_Vic_Sfx,Lift_High_Down_Micro_Sad,
Event,,Play__Robot_Vic_Sfx__Lift_High_Down_Micro_Surprised,2711176996,Robot_Vic_Sfx,Lift_High_Down_Micro_Surprised,
Event,,Play__Robot_Vic_Sfx__Lift_High_Down_Short,3566487636,Robot_Vic_Sfx,Lift_High_Down_Short,
Event,,Play__Robot_Vic_Sfx__Lift_High_Down_Short_Angry,1997461118,Robot_Vic_Sfx,Lift_High_Down_Short_Angry,
Event,,Play__Robot_Vic_Sfx__Lift_High_Down_Short_Curious,3522081323,Robot_Vic_Sfx,Lift_High_Down_Short_Curious,
Event,,Play__Robot_Vic_Sfx__Lift_High_Down_Short_Effort,1632540473,Robot_Vic_Sfx,Lift_High_Down_Short_Effort,
Event,,Play__Robot_Vic_Sfx__Lift_High_Down_Short_Excited,635575819,Robot_Vic_Sfx,Lift_High_Down_Short_Excited,
Event,,Play__Robot_Vic_Sfx__Lift_High_Down_Short_Frustrated,1296983121,Robot_Vic_Sfx,Lift_High_Down_Short_Frustrated,
Event,,Play__Robot_Vic_Sfx__Lift_High_Down_Short_Happy,3013819119,Robot_Vic_Sfx,Lift_High_Down_Short_Happy,
Event,,Play__Robot_Vic_Sfx__Lift_High_Down_Short_Neutral,1946291652,Robot_Vic_Sfx,Lift_High_Down_Short_Neutral,
Event,,Play__Robot_Vic_Sfx__Lift_High_Down_Short_Sad,1170663689,Robot_Vic_Sfx,Lift_High_Down_Short_Sad,
Event,,Play__Robot_Vic_Sfx__Lift_High_Down_Short_Surprised,1371648746,Robot_Vic_Sfx,Lift_High_Down_Short_Surprised,
Event,,Play__Robot_Vic_Sfx__Lift_High_Petting_Level_01,3920361325,Robot_Vic_Sfx,Lift_High_Petting_Level_01,
Event,,Play__Robot_Vic_Sfx__Lift_High_Petting_Level_02,3920361326,Robot_Vic_Sfx,Lift_High_Petting_Level_02,
Event,,Play__Robot_Vic_Sfx__Lift_High_Petting_Level_03,3920361327,Robot_Vic_Sfx,Lift_High_Petting_Level_03,
Event,,Play__Robot_Vic_Sfx__Lift_High_Petting_Level_04,3920361320,Robot_Vic_Sfx,Lift_High_Petting_Level_04,
Event,,Play__Robot_Vic_Sfx__Lift_High_Up_Long,1197687125,Robot_Vic_Sfx,Lift_High_Up_Long,
Event,,Play__Robot_Vic_Sfx__Lift_High_Up_Long_Angry,2545453695,Robot_Vic_Sfx,Lift_High_Up_Long_Angry,
Event,,Play__Robot_Vic_Sfx__Lift_High_Up_Long_Curious,1893130014,Robot_Vic_Sfx,Lift_High_Up_Long_Curious,
Event,,Play__Robot_Vic_Sfx__Lift_High_Up_Long_Effort,45686810,Robot_Vic_Sfx,Lift_High_Up_Long_Effort,
Event,,Play__Robot_Vic_Sfx__Lift_High_Up_Long_Excited,2956401514,Robot_Vic_Sfx,Lift_High_Up_Long_Excited,
Event,,Play__Robot_Vic_Sfx__Lift_High_Up_Long_Frustrated,4274302454,Robot_Vic_Sfx,Lift_High_Up_Long_Frustrated,
Event,,Play__Robot_Vic_Sfx__Lift_High_Up_Long_Happy,3654126394,Robot_Vic_Sfx,Lift_High_Up_Long_Happy,
Event,,Play__Robot_Vic_Sfx__Lift_High_Up_Long_Neutral,1140994213,Robot_Vic_Sfx,Lift_High_Up_Long_Neutral,
Event,,Play__Robot_Vic_Sfx__Lift_High_Up_Long_Sad,3954155308,Robot_Vic_Sfx,Lift_High_Up_Long_Sad,
Event,,Play__Robot_Vic_Sfx__Lift_High_Up_Long_Surprised,3317590423,Robot_Vic_Sfx,Lift_High_Up_Long_Surprised,
Event,,Play__Robot_Vic_Sfx__Lift_High_Up_Micro_Angry,531078287,Robot_Vic_Sfx,Lift_High_Up_Micro_Angry,
Event,,Play__Robot_Vic_Sfx__Lift_High_Up_Micro_Curious,4223875502,Robot_Vic_Sfx,Lift_High_Up_Micro_Curious,
Event,,Play__Robot_Vic_Sfx__Lift_High_Up_Micro_Effort,1211422730,Robot_Vic_Sfx,Lift_High_Up_Micro_Effort,
Event,,Play__Robot_Vic_Sfx__Lift_High_Up_Micro_Excited,3588927098,Robot_Vic_Sfx,Lift_High_Up_Micro_Excited,
Event,,Play__Robot_Vic_Sfx__Lift_High_Up_Micro_Frustrated,3633273702,Robot_Vic_Sfx,Lift_High_Up_Micro_Frustrated,
Event,,Play__Robot_Vic_Sfx__Lift_High_Up_Micro_Happy,1686447722,Robot_Vic_Sfx,Lift_High_Up_Micro_Happy,
Event,,Play__Robot_Vic_Sfx__Lift_High_Up_Micro_Neutral,2992999317,Robot_Vic_Sfx,Lift_High_Up_Micro_Neutral,
Event,,Play__Robot_Vic_Sfx__Lift_High_Up_Micro_Sad,364928220,Robot_Vic_Sfx,Lift_High_Up_Micro_Sad,
Event,,Play__Robot_Vic_Sfx__Lift_High_Up_Micro_Surprised,954391655,Robot_Vic_Sfx,Lift_High_Up_Micro_Surprised,
Event,,Play__Robot_Vic_Sfx__Lift_High_Up_Short,2429853747,Robot_Vic_Sfx,Lift_High_Up_Short,
Event,,Play__Robot_Vic_Sfx__Lift_High_Up_Short_Angry,883462549,Robot_Vic_Sfx,Lift_High_Up_Short_Angry,
Event,,Play__Robot_Vic_Sfx__Lift_High_Up_Short_Curious,2640434952,Robot_Vic_Sfx,Lift_High_Up_Short_Curious,
Event,,Play__Robot_Vic_Sfx__Lift_High_Up_Short_Effort,2634648776,Robot_Vic_Sfx,Lift_High_Up_Short_Effort,
Event,,Play__Robot_Vic_Sfx__Lift_High_Up_Short_Excited,3743401560,Robot_Vic_Sfx,Lift_High_Up_Short_Excited,
Event,,Play__Robot_Vic_Sfx__Lift_High_Up_Short_Frustrated,509799084,Robot_Vic_Sfx,Lift_High_Up_Short_Frustrated,
Event,,Play__Robot_Vic_Sfx__Lift_High_Up_Short_Happy,2518881836,Robot_Vic_Sfx,Lift_High_Up_Short_Happy,
Event,,Play__Robot_Vic_Sfx__Lift_High_Up_Short_Neutral,340818175,Robot_Vic_Sfx,Lift_High_Up_Short_Neutral,
Event,,Play__Robot_Vic_Sfx__Lift_High_Up_Short_Sad,1003390754,Robot_Vic_Sfx,Lift_High_Up_Short_Sad,
Event,,Play__Robot_Vic_Sfx__Lift_High_Up_Short_Surprised,2399841641,Robot_Vic_Sfx,Lift_High_Up_Short_Surprised,
Event,,Play__Robot_Vic_Sfx__Lift_High_Weather_Shiver_Loop,3670008418,Robot_Vic_Sfx,Lift_High_Weather_Shiver_Loop,
Event,,Play__Robot_Vic_Sfx__Lift_Loop_Play,3965747163,Robot_Vic_Sfx,Lift_Loop_Play,
Event,,Play__Robot_Vic_Sfx__Lift_Low_Down_Long,166531022,Robot_Vic_Sfx,Lift_Low_Down_Long,
Event,,Play__Robot_Vic_Sfx__Lift_Low_Down_Short,3093985234,Robot_Vic_Sfx,Lift_Low_Down_Short,
Event,,Play__Robot_Vic_Sfx__Lift_Low_Up_Long,1504093363,Robot_Vic_Sfx,Lift_Low_Up_Long,
Event,,Play__Robot_Vic_Sfx__Lift_Low_Up_Short,1476560429,Robot_Vic_Sfx,Lift_Low_Up_Short,
Event,,Play__Robot_Vic_Sfx__Lift_Up_Long,1498450824,Robot_Vic_Sfx,Lift_Up_Long,
Event,,Play__Robot_Vic_Sfx__Lift_Up_Short,1322012872,Robot_Vic_Sfx,Lift_Up_Short,
Event,,Play__Robot_Vic_Sfx__Look_At_Device,3404666410,Robot_Vic_Sfx,Look_At_Device,
Event,,Play__Robot_Vic_Sfx__Loose_Pixel_Catch,3562079981,Robot_Vic_Sfx,Loose_Pixel_Catch,
Event,,Play__Robot_Vic_Sfx__Loose_Pixel_Caught,2874895868,Robot_Vic_Sfx,Loose_Pixel_Caught,
Event,,Play__Robot_Vic_Sfx__Loose_Pixel_On_Hand_Start,283126252,Robot_Vic_Sfx,Loose_Pixel_On_Hand_Start,
Event,,Play__Robot_Vic_Sfx__Loose_Pixel_Start,4294217316,Robot_Vic_Sfx,Loose_Pixel_Start,
Event,,Play__Robot_Vic_Sfx__Low_Light_Charging_2_Start,3660075511,Robot_Vic_Sfx,Low_Light_Charging_2_Start,
Event,,Play__Robot_Vic_Sfx__Low_Light_Charging_End,436264283,Robot_Vic_Sfx,Low_Light_Charging_End,
Event,,Play__Robot_Vic_Sfx__Low_Light_Charging_Loop_Play,3553396295,Robot_Vic_Sfx,Low_Light_Charging_Loop_Play,
Event,,Play__Robot_Vic_Sfx__Low_Light_Charging_Start,3327136896,Robot_Vic_Sfx,Low_Light_Charging_Start,
Event,,Play__Robot_Vic_Sfx__No_Wifi,2510834985,Robot_Vic_Sfx,No_Wifi,
Event,,Play__Robot_Vic_Sfx__No_Wifi_Icon,3995516895,Robot_Vic_Sfx,No_Wifi_Icon,
Event,,Play__Robot_Vic_Sfx__No_Wifi_Icon_End,624164417,Robot_Vic_Sfx,No_Wifi_Icon_End,
Event,,Play__Robot_Vic_Sfx__No_Wifi_Icon_Glitch,205416233,Robot_Vic_Sfx,No_Wifi_Icon_Glitch,
Event,,Play__Robot_Vic_Sfx__No_Wifi_Low_Warning,2895150215,Robot_Vic_Sfx,No_Wifi_Low_Warning,
Event,,Play__Robot_Vic_Sfx__Onboarding_Power_On_Eyes_Open,1399502169,Robot_Vic_Sfx,Onboarding_Power_On_Eyes_Open,
Event,,Play__Robot_Vic_Sfx__Onboarding_Power_On_Initialize,384504930,Robot_Vic_Sfx,Onboarding_Power_On_Initialize,
Event,,Play__Robot_Vic_Sfx__Pet_Attention_Test_14K,1763233682,Robot_Vic_Sfx,Pet_Attention_Test_14K,
Event,,Play__Robot_Vic_Sfx__Pet_Attention_Test_16K,1729678520,Robot_Vic_Sfx,Pet_Attention_Test_16K,
Event,,Play__Robot_Vic_Sfx__Pet_Attention_Test_17K,1712900907,Robot_Vic_Sfx,Pet_Attention_Test_17K,
Event,,Play__Robot_Vic_Sfx__Pet_Attention_Test_18K,1964565174,Robot_Vic_Sfx,Pet_Attention_Test_18K,
Event,,Play__Robot_Vic_Sfx__Pet_Attention_Tone_Gen,1110912082,Robot_Vic_Sfx,Pet_Attention_Tone_Gen,
Event,,Play__Robot_Vic_Sfx__Petting_Level_01,2369271908,Robot_Vic_Sfx,Petting_Level_01,
Event,,Play__Robot_Vic_Sfx__Petting_Level_02,2369271911,Robot_Vic_Sfx,Petting_Level_02,
Event,,Play__Robot_Vic_Sfx__Petting_Level_03,2369271910,Robot_Vic_Sfx,Petting_Level_03,
Event,,Play__Robot_Vic_Sfx__Petting_Level_04,2369271905,Robot_Vic_Sfx,Petting_Level_04,
Event,,Play__Robot_Vic_Sfx__Planning_Loop_Play,284488955,Robot_Vic_Sfx,Planning_Loop_Play,
Event,,Play__Robot_Vic_Sfx__Power_Off,2655837071,Robot_Vic_Sfx,Power_Off,
Event,,Play__Robot_Vic_Sfx__Power_Off_End,1545176977,Robot_Vic_Sfx,Power_Off_End,
Event,,Play__Robot_Vic_Sfx__Power_On,2179926555,Robot_Vic_Sfx,Power_On,
Event,,Play__Robot_Vic_Sfx__Power_On_Crooked,3616541293,Robot_Vic_Sfx,Power_On_Crooked,
Event,,Play__Robot_Vic_Sfx__Power_On_Mismatched_Eyes,364591870,Robot_Vic_Sfx,Power_On_Mismatched_Eyes,
Event,,Play__Robot_Vic_Sfx__Power_On_Short,2602622212,Robot_Vic_Sfx,Power_On_Short,
Event,,Play__Robot_Vic_Sfx__Purr_Increase_Level,2071056089,Robot_Vic_Sfx,Purr_Increase_Level,
Event,,Play__Robot_Vic_Sfx__Purr_Loop_Play,3953422061,Robot_Vic_Sfx,Purr_Loop_Play,
Event,,Play__Robot_Vic_Sfx__Purr_Single,41581170,Robot_Vic_Sfx,Purr_Single,
Event,,Play__Robot_Vic_Sfx__Scan_Face_Fail,152409978,Robot_Vic_Sfx,Scan_Face_Fail,
Event,,Play__Robot_Vic_Sfx__Scan_Face_Loop_Play,3711429789,Robot_Vic_Sfx,Scan_Face_Loop_Play,
Event,,Play__Robot_Vic_Sfx__Scan_Face_Success,1554373331,Robot_Vic_Sfx,Scan_Face_Success,
Event,,Play__Robot_Vic_Sfx__Scan_Loop_Play,203477807,Robot_Vic_Sfx,Scan_Loop_Play,
Event,,Play__Robot_Vic_Sfx__Scan_One_Shot,2955541383,Robot_Vic_Sfx,Scan_One_Shot,
Event,,Play__Robot_Vic_Sfx__Scrn_Angry,2459769158,Robot_Vic_Sfx,Scrn_Angry,
Event,,Play__Robot_Vic_Sfx__Scrn_Angry_Long,1964410187,Robot_Vic_Sfx,Scrn_Angry_Long,
Event,,Play__Robot_Vic_Sfx__Scrn_Angry_Short,2385293445,Robot_Vic_Sfx,Scrn_Angry_Short,
Event,,Play__Robot_Vic_Sfx__Scrn_Curious,2558890771,Robot_Vic_Sfx,Scrn_Curious,
Event,,Play__Robot_Vic_Sfx__Scrn_Curious_Long,1102367108,Robot_Vic_Sfx,Scrn_Curious_Long,
Event,,Play__Robot_Vic_Sfx__Scrn_Curious_Short,1350709836,Robot_Vic_Sfx,Scrn_Curious_Short,
Event,,Play__Robot_Vic_Sfx__Scrn_Happy,2349381079,Robot_Vic_Sfx,Scrn_Happy,
Event,,Play__Robot_Vic_Sfx__Scrn_Happy_Long,2955397640,Robot_Vic_Sfx,Scrn_Happy_Long,
Event,,Play__Robot_Vic_Sfx__Scrn_Happy_Short,2208543816,Robot_Vic_Sfx,Scrn_Happy_Short,
Event,,Play__Robot_Vic_Sfx__Scrn_Holiday_Confetti_Eyes_Appear,3194465711,Robot_Vic_Sfx,Scrn_Holiday_Confetti_Eyes_Appear,
Event,,Play__Robot_Vic_Sfx__Scrn_Holiday_Confetti_Eyes_Disappear,2242865123,Robot_Vic_Sfx,Scrn_Holiday_Confetti_Eyes_Disappear,
Event,,Play__Robot_Vic_Sfx__Scrn_Holiday_Lights_Blink,2692631652,Robot_Vic_Sfx,Scrn_Holiday_Lights_Blink,
Event,,Play__Robot_Vic_Sfx__Scrn_Holiday_Lights_Disappear,919702861,Robot_Vic_Sfx,Scrn_Holiday_Lights_Disappear,
Event,,Play__Robot_Vic_Sfx__Scrn_Holiday_Lights_Eyes_Appear_Single,207364355,Robot_Vic_Sfx,Scrn_Holiday_Lights_Eyes_Appear_Single,
Event,,Play__Robot_Vic_Sfx__Scrn_Holiday_Lights_Eyes_To_Lights_1,837073000,Robot_Vic_Sfx,Scrn_Holiday_Lights_Eyes_To_Lights_1,
Event,,Play__Robot_Vic_Sfx__Scrn_Holiday_Lights_To_Eyes_1,1900064482,Robot_Vic_Sfx,Scrn_Holiday_Lights_To_Eyes_1,
Event,,Play__Robot_Vic_Sfx__Scrn_Holiday_Lights_To_Eyes_2,1900064481,Robot_Vic_Sfx,Scrn_Holiday_Lights_To_Eyes_2,
Event,,Play__Robot_Vic_Sfx__Scrn_Neutral,3132507500,Robot_Vic_Sfx,Scrn_Neutral,
Event,,Play__Robot_Vic_Sfx__Scrn_Neutral_Long,1883414229,Robot_Vic_Sfx,Scrn_Neutral_Long,
Event,,Play__Robot_Vic_Sfx__Scrn_Neutral_Short,1752486067,Robot_Vic_Sfx,Scrn_Neutral_Short,
Event,,Play__Robot_Vic_Sfx__Scrn_Power_On_Crooked_Eye_Droop,2894417895,Robot_Vic_Sfx,Scrn_Power_On_Crooked_Eye_Droop,
Event,,Play__Robot_Vic_Sfx__Scrn_Power_On_Eye_Fix,9207464,Robot_Vic_Sfx,Scrn_Power_On_Eye_Fix,
Event,,Play__Robot_Vic_Sfx__Scrn_Procedural_Blink,67389845,Robot_Vic_Sfx,Scrn_Procedural_Blink,
Event,,Play__Robot_Vic_Sfx__Scrn_Procedural_Shift,146478435,Robot_Vic_Sfx,Scrn_Procedural_Shift,
Event,,Play__Robot_Vic_Sfx__Scrn_Procedural_Squint,2091194049,Robot_Vic_Sfx,Scrn_Procedural_Squint,
Event,,Play__Robot_Vic_Sfx__Scrn_Sad,2699760977,Robot_Vic_Sfx,Scrn_Sad,
Event,,Play__Robot_Vic_Sfx__Scrn_Sad_Long,1380232790,Robot_Vic_Sfx,Scrn_Sad_Long,
Event,,Play__Robot_Vic_Sfx__Scrn_Sad_Short,3594885818,Robot_Vic_Sfx,Scrn_Sad_Short,
Event,,Play__Robot_Vic_Sfx__Scrn_Surprised,1528281890,Robot_Vic_Sfx,Scrn_Surprised,
Event,,Play__Robot_Vic_Sfx__Scrn_Surprised_Long,3223693447,Robot_Vic_Sfx,Scrn_Surprised_Long,
Event,,Play__Robot_Vic_Sfx__Scrn_Surprised_Short,4031777881,Robot_Vic_Sfx,Scrn_Surprised_Short,
Event,,Play__Robot_Vic_Sfx__Shaking_Level_1_Play,995249895,Robot_Vic_Sfx,Shaking_Level_1_Play,
Event,,Play__Robot_Vic_Sfx__Shaking_Level_2_Play,1723140054,Robot_Vic_Sfx,Shaking_Level_2_Play,
Event,,Play__Robot_Vic_Sfx__Shaking_Level_3_Play,505667781,Robot_Vic_Sfx,Shaking_Level_3_Play,
Event,,Play__Robot_Vic_Sfx__Shaking_Slowmo,497523539,Robot_Vic_Sfx,Shaking_Slowmo,
Event,,Play__Robot_Vic_Sfx__Sleeping_3,1751049963,Robot_Vic_Sfx,Sleeping_3,
Event,,Play__Robot_Vic_Sfx__Sleeping_4,1751049964,Robot_Vic_Sfx,Sleeping_4,
Event,,Play__Robot_Vic_Sfx__Sleeping_5,1751049965,Robot_Vic_Sfx,Sleeping_5,
Event,,Play__Robot_Vic_Sfx__Snore,3717200567,Robot_Vic_Sfx,Snore,
Event,,Play__Robot_Vic_Sfx__Snowglobe_Chime_Loop_Fast_Play,3179862666,Robot_Vic_Sfx,Snowglobe_Chime_Loop_Fast_Play,
Event,,Play__Robot_Vic_Sfx__Snowglobe_Chime_Loop_Medium_Play,1826579815,Robot_Vic_Sfx,Snowglobe_Chime_Loop_Medium_Play,
Event,,Play__Robot_Vic_Sfx__Snowglobe_Chime_Loop_Slow_Play,1585467997,Robot_Vic_Sfx,Snowglobe_Chime_Loop_Slow_Play,
Event,,Play__Robot_Vic_Sfx__Snowglobe_Chime_Shakeoff_End,2451007033,Robot_Vic_Sfx,Snowglobe_Chime_Shakeoff_End,
Event,,Play__Robot_Vic_Sfx__Snowglobe_Chime_Shakeoff_Start,4117194074,Robot_Vic_Sfx,Snowglobe_Chime_Shakeoff_Start,
Event,,Play__Robot_Vic_Sfx__Snowglobe_Wind_Loop_Fast_Play,711426914,Robot_Vic_Sfx,Snowglobe_Wind_Loop_Fast_Play,
Event,,Play__Robot_Vic_Sfx__Snowglobe_Wind_Loop_Slow_Play,2028807349,Robot_Vic_Sfx,Snowglobe_Wind_Loop_Slow_Play,
Event,,Play__Robot_Vic_Sfx__Speaker_Test_01,252118154,Robot_Vic_Sfx,Speaker_Test_01,
Event,,Play__Robot_Vic_Sfx__Speaker_Test_02,252118153,Robot_Vic_Sfx,Speaker_Test_02,
Event,,Play__Robot_Vic_Sfx__Speaker_Test_03,252118152,Robot_Vic_Sfx,Speaker_Test_03,
Event,,Play__Robot_Vic_Sfx__Speaker_Test_04,252118159,Robot_Vic_Sfx,Speaker_Test_04,
Event,,Play__Robot_Vic_Sfx__Speaker_Test_05,252118158,Robot_Vic_Sfx,Speaker_Test_05,
Event,,Play__Robot_Vic_Sfx__Speaker_Test_06,252118157,Robot_Vic_Sfx,Speaker_Test_06,
Event,,Play__Robot_Vic_Sfx__Tangram_Start,1823354903,Robot_Vic_Sfx,Tangram_Start,
Event,,Play__Robot_Vic_Sfx__Timer_Alarm,3327244935,Robot_Vic_Sfx,Timer_Alarm,
Event,,Play__Robot_Vic_Sfx__Timer_Alarm_Build,2609931602,Robot_Vic_Sfx,Timer_Alarm_Build,
Event,,Play__Robot_Vic_Sfx__Timer_Alarm_Start,139550890,Robot_Vic_Sfx,Timer_Alarm_Start,
Event,,Play__Robot_Vic_Sfx__Timer_Beep,2315630444,Robot_Vic_Sfx,Timer_Beep,
Event,,Play__Robot_Vic_Sfx__Timer_Cancel,1284632326,Robot_Vic_Sfx,Timer_Cancel,
Event,,Play__Robot_Vic_Sfx__Timer_Countdown,1379596305,Robot_Vic_Sfx,Timer_Countdown,
Event,,Play__Robot_Vic_Sfx__Timer_End,1848638287,Robot_Vic_Sfx,Timer_End,
Event,,Play__Robot_Vic_Sfx__Timer_Run_Down_Loop_Play,1559136524,Robot_Vic_Sfx,Timer_Run_Down_Loop_Play,
Event,,Play__Robot_Vic_Sfx__Timer_Set,2198114280,Robot_Vic_Sfx,Timer_Set,
Event,,Play__Robot_Vic_Sfx__Touch_React,1078700783,Robot_Vic_Sfx,Touch_React,
Event,,Play__Robot_Vic_Sfx__Tread_Angry,4159310964,Robot_Vic_Sfx,Tread_Angry,
Event,,Play__Robot_Vic_Sfx__Tread_Angry_Long,1909472813,Robot_Vic_Sfx,Tread_Angry_Long,
Event,,Play__Robot_Vic_Sfx__Tread_Curious,1363830477,Robot_Vic_Sfx,Tread_Curious,
Event,,Play__Robot_Vic_Sfx__Tread_Curious_Long,1842808354,Robot_Vic_Sfx,Tread_Curious_Long,
Event,,Play__Robot_Vic_Sfx__Tread_Happy,3894118537,Robot_Vic_Sfx,Tread_Happy,
Event,,Play__Robot_Vic_Sfx__Tread_Happy_Long,123523358,Robot_Vic_Sfx,Tread_Happy_Long,
Event,,Play__Robot_Vic_Sfx__Tread_Loop_Play,3369051132,Robot_Vic_Sfx,Tread_Loop_Play,
Event,,Play__Robot_Vic_Sfx__Tread_Sad,4014518887,Robot_Vic_Sfx,Tread_Sad,
Event,,Play__Robot_Vic_Sfx__Tread_Sad_Long,1193798168,Robot_Vic_Sfx,Tread_Sad_Long,
Event,,Play__Robot_Vic_Sfx__Tread_Surprised,2871689124,Robot_Vic_Sfx,Tread_Surprised,
Event,,Play__Robot_Vic_Sfx__Tread_Surprised_Long,3504133917,Robot_Vic_Sfx,Tread_Surprised_Long,
Event,,Play__Robot_Vic_Sfx__Volume_Level_1,2645885943,Robot_Vic_Sfx,Volume_Level_1,
Event,,Play__Robot_Vic_Sfx__Volume_Level_2,2645885940,Robot_Vic_Sfx,Volume_Level_2,
Event,,Play__Robot_Vic_Sfx__Volume_Level_3,2645885941,Robot_Vic_Sfx,Volume_Level_3,
Event,,Play__Robot_Vic_Sfx__Volume_Level_4,2645885938,Robot_Vic_Sfx,Volume_Level_4,
Event,,Play__Robot_Vic_Sfx__Volume_Level_5,2645885939,Robot_Vic_Sfx,Volume_Level_5,
Event,,Play__Robot_Vic_Sfx__Wake_Word_Fail,1241549428,Robot_Vic_Sfx,Wake_Word_Fail,
Event,,Play__Robot_Vic_Sfx__Wake_Word_Off,76586799,Robot_Vic_Sfx,Wake_Word_Off,
Event,,Play__Robot_Vic_Sfx__Wake_Word_On,1532745019,Robot_Vic_Sfx,Wake_Word_On,
Event,,Play__Robot_Vic_Sfx__Wake_Word_On_No_Vo,1601827987,Robot_Vic_Sfx,Wake_Word_On_No_Vo,
Event,,Play__Robot_Vic_Sfx__Wake_Word_Success,286038569,Robot_Vic_Sfx,Wake_Word_Success,
Event,,Play__Robot_Vic_Sfx__Wake_Word_Success_No_Sfx,1517760137,Robot_Vic_Sfx,Wake_Word_Success_No_Sfx,
Event,,Play__Robot_Vic_Sfx__Weather_Cloudy,3767391969,Robot_Vic_Sfx,Weather_Cloudy,
Event,,Play__Robot_Vic_Sfx__Weather_Cold,4042659783,Robot_Vic_Sfx,Weather_Cold,
Event,,Play__Robot_Vic_Sfx__Weather_Rain,300132915,Robot_Vic_Sfx,Weather_Rain,
Event,,Play__Robot_Vic_Sfx__Weather_Snow,3217099864,Robot_Vic_Sfx,Weather_Snow,
Event,,Play__Robot_Vic_Sfx__Weather_Stars,434655980,Robot_Vic_Sfx,Weather_Stars,
Event,,Play__Robot_Vic_Sfx__Weather_Sunny,2057988846,Robot_Vic_Sfx,Weather_Sunny,
Event,,Play__Robot_Vic_Sfx__Weather_Thunder,1518602369,Robot_Vic_Sfx,Weather_Thunder,
Event,,Play__Robot_Vic_Sfx__Weather_Windy,2756642540,Robot_Vic_Sfx,Weather_Windy,
Event,,Play__Robot_Vic_Sfx__Weather_Windy_Eye_Flyoff,3679685607,Robot_Vic_Sfx,Weather_Windy_Eye_Flyoff,
Event,,Play__Robot_Vic_Sfx__Working_Loop_Play,3831159749,Robot_Vic_Sfx,Working_Loop_Play,
Event,,Play__Robot_Vic__External_Sdk_Playback_01,2749641932,Robot_Vic,External_Sdk_Playback_01,
Event,,Play__Robot_Vic__External_Sdk_Playback_02,2749641935,Robot_Vic,External_Sdk_Playback_02,
Event,,Play__Robot_Vic__External_Voice_Message,3168753800,Robot_Vic,External_Voice_Message,
Event,,Play__Robot_Vic__External_Voice_Text,2774572774,Robot_Vic,External_Voice_Text,
Event,,Play__Robot_Vo__Codelab_Conducting_01,2126150744,Robot_Vo,Codelab_Conducting_01,
Event,,Play__Robot_Vo__Codelab_Countdown_01,2593818563,Robot_Vo,Codelab_Countdown_01,
Event,,Play__Robot_Vo__Codelab_Countdown_02,2593818560,Robot_Vo,Codelab_Countdown_02,
Event,,Play__Robot_Vo__Codelab_Countdown_03,2593818561,Robot_Vo,Codelab_Countdown_03,
Event,,Play__Robot_Vo__Codelab_Countdown_Go_01,2083386066,Robot_Vo,Codelab_Countdown_Go_01,
Event,,Play__Robot_Vo__Codelab_Firetruck_01,3546499587,Robot_Vo,Codelab_Firetruck_01,
Event,,Play__Robot_Vo__Coz_Word_Cube_Neutral,2117050142,Robot_Vo,Coz_Word_Cube_Neutral,
Event,,Play__Robot_Vo__Cozmo_Singing_100Bpm,819632272,Robot_Vo,Cozmo_Singing_100Bpm,
Event,,Play__Robot_Vo__Cozmo_Singing_120Bpm,3805821586,Robot_Vo,Cozmo_Singing_120Bpm,
Event,,Play__Robot_Vo__Cozmo_Singing_80Bpm,3519620195,Robot_Vo,Cozmo_Singing_80Bpm,
Event,,Play__Robot_Vo__Dizzy_Hard_1,3080967599,Robot_Vo,Dizzy_Hard_1,
Event,,Play__Robot_Vo__Dizzy_Hard_2,3080967596,Robot_Vo,Dizzy_Hard_2,
Event,,Play__Robot_Vo__Dizzy_Loop_Play,777096763,Robot_Vo,Dizzy_Loop_Play,
Event,,Play__Robot_Vo__Dizzy_React_Medium_02,530263530,Robot_Vo,Dizzy_React_Medium_02,
Event,,Play__Robot_Vo__Dizzy_React_Soft,2564162256,Robot_Vo,Dizzy_React_Soft,
Event,,Play__Robot_Vo__Dizzy_Shake_Stop,2134240601,Robot_Vo,Dizzy_Shake_Stop,
Event,,Play__Robot_Vo__Dizzy_Shakeout,497722646,Robot_Vo,Dizzy_Shakeout,
Event,,Play__Robot_Vo__External_Acapela_English_Name,3652484245,Robot_Vo,External_Acapela_English_Name,
Event,,Play__Robot_Vo__External_Acapela_English_Sentence,822109995,Robot_Vo,External_Acapela_English_Sentence,
Event,,Play__Robot_Vo__External_Cozmo_Processing,3205213409,Robot_Vo,External_Cozmo_Processing,
Event,,Play__Robot_Vo__External_Cozmo_Processing_Question,3777359272,Robot_Vo,External_Cozmo_Processing_Question,
Event,,Play__Robot_Vo__External_Unprocessed,2742937278,Robot_Vo,External_Unprocessed,
Event,,Play__Robot_Vo__Fist_Bump_Giggle,1531806306,Robot_Vo,Fist_Bump_Giggle,
Event,,Play__Robot_Vo__Gp_Cs_Cuss_Nope,3018392957,Robot_Vo,Gp_Cs_Cuss_Nope,
Event,,Play__Robot_Vo__Gp_Cs_Cuss_React,1772137818,Robot_Vo,Gp_Cs_Cuss_React,
Event,,Play__Robot_Vo__Gp_Cs_Cuss_Squint,141123577,Robot_Vo,Gp_Cs_Cuss_Squint,
Event,,Play__Robot_Vo__Gp_Cs_Getout_Confused_P1,2151470956,Robot_Vo,Gp_Cs_Getout_Confused_P1,
Event,,Play__Robot_Vo__Gp_Cs_Getout_Confused_P2,2151470959,Robot_Vo,Gp_Cs_Getout_Confused_P2,
Event,,Play__Robot_Vo__Gp_Cs_Thinking_Long,3183384229,Robot_Vo,Gp_Cs_Thinking_Long,
Event,,Play__Robot_Vo__Gp_Cs_Thinking_Long_Got_It,726115194,Robot_Vo,Gp_Cs_Thinking_Long_Got_It,
Event,,Play__Robot_Vo__Gp_Cs_Thinking_Medium,448600270,Robot_Vo,Gp_Cs_Thinking_Medium,
Event,,Play__Robot_Vo__Gp_Cs_Thinking_Medium_Got_It,1735580995,Robot_Vo,Gp_Cs_Thinking_Medium_Got_It,
Event,,Play__Robot_Vo__Gp_Explorer_Backup_Beep,1939604322,Robot_Vo,Gp_Explorer_Backup_Beep,
Event,,Play__Robot_Vo__Gp_Explorer_Drive_Curious,1093526092,Robot_Vo,Gp_Explorer_Drive_Curious,
Event,,Play__Robot_Vo__Gp_Explorer_Drive_Start,746725306,Robot_Vo,Gp_Explorer_Drive_Start,
Event,,Play__Robot_Vo__Gp_Explorer_Drive_Start_Turbo,403916659,Robot_Vo,Gp_Explorer_Drive_Start_Turbo,
Event,,Play__Robot_Vo__Gp_Explorer_Drive_Stop,2294544082,Robot_Vo,Gp_Explorer_Drive_Stop,
Event,,Play__Robot_Vo__Gp_Explorer_Getin,821905486,Robot_Vo,Gp_Explorer_Getin,
Event,,Play__Robot_Vo__Gp_Explorer_Shake_Out,2327316800,Robot_Vo,Gp_Explorer_Shake_Out,
Event,,Play__Robot_Vo__Gp_Guard_Dog_Fail_Loop,3786892977,Robot_Vo,Gp_Guard_Dog_Fail_Loop,
Event,,Play__Robot_Vo__Gp_Guard_Dog_Fakeout_1,2183808353,Robot_Vo,Gp_Guard_Dog_Fakeout_1,
Event,,Play__Robot_Vo__Gp_Guard_Dog_Fakeout_2,2183808354,Robot_Vo,Gp_Guard_Dog_Fakeout_2,
Event,,Play__Robot_Vo__Gp_Guard_Dog_Fakeout_3,2183808355,Robot_Vo,Gp_Guard_Dog_Fakeout_3,
Event,,Play__Robot_Vo__Gp_Guard_Dog_Interrupt,1612390421,Robot_Vo,Gp_Guard_Dog_Interrupt,
Event,,Play__Robot_Vo__Gp_Guard_Dog_Snore_Light_Exhale,1770623604,Robot_Vo,Gp_Guard_Dog_Snore_Light_Exhale,
Event,,Play__Robot_Vo__Gp_Guard_Dog_Snore_Light_Inhale,2553575382,Robot_Vo,Gp_Guard_Dog_Snore_Light_Inhale,
Event,,Play__Robot_Vo__Gp_Guard_Dog_Snore_Medium_Inhale,2589771301,Robot_Vo,Gp_Guard_Dog_Snore_Medium_Inhale,
Event,,Play__Robot_Vo__Gp_Guard_Dog_Yawn,2419377129,Robot_Vo,Gp_Guard_Dog_Yawn,
Event,,Play__Robot_Vo__Gp_Keepaway_Fakeout_Pounce_Fast,1992185148,Robot_Vo,Gp_Keepaway_Fakeout_Pounce_Fast,
Event,,Play__Robot_Vo__Gp_Keepaway_Fakeout_Pounce_Scare,888370506,Robot_Vo,Gp_Keepaway_Fakeout_Pounce_Scare,
Event,,Play__Robot_Vo__Gp_Keepaway_Fakeout_Sneaky_Start,2606311637,Robot_Vo,Gp_Keepaway_Fakeout_Sneaky_Start,
Event,,Play__Robot_Vo__Gp_Keepaway_Get_In_Ready,2743085071,Robot_Vo,Gp_Keepaway_Get_In_Ready,
Event,,Play__Robot_Vo__Gp_Keepaway_Win_Dance,4061224253,Robot_Vo,Gp_Keepaway_Win_Dance,
Event,,Play__Robot_Vo__Gp_Mm_Pattern_Struggle_Focused,624174194,Robot_Vo,Gp_Mm_Pattern_Struggle_Focused,
Event,,Play__Robot_Vo__Gp_Mm_Pattern_Struggle_Shocked,3286982676,Robot_Vo,Gp_Mm_Pattern_Struggle_Shocked,
Event,,Play__Robot_Vo__Gp_Mm_Pattern_Struggle_Um,3700907145,Robot_Vo,Gp_Mm_Pattern_Struggle_Um,
Event,,Play__Robot_Vo__Gp_Mm_Pattern_Taunt_Derr,3651300059,Robot_Vo,Gp_Mm_Pattern_Taunt_Derr,
Event,,Play__Robot_Vo__Gp_Mm_Pattern_Turn_Big,900238575,Robot_Vo,Gp_Mm_Pattern_Turn_Big,
Event,,Play__Robot_Vo__Gp_Mm_Pattern_Turn_Short,928871515,Robot_Vo,Gp_Mm_Pattern_Turn_Short,
Event,,Play__Robot_Vo__Gp_Mm_Pattern_Win_Giggle,1101765759,Robot_Vo,Gp_Mm_Pattern_Win_Giggle,
Event,,Play__Robot_Vo__Gp_Mm_Pattern_Win_Laugh_Short,2208086756,Robot_Vo,Gp_Mm_Pattern_Win_Laugh_Short,
Event,,Play__Robot_Vo__Gp_Peekaboo_Fail,3318593152,Robot_Vo,Gp_Peekaboo_Fail,
Event,,Play__Robot_Vo__Gp_Peekaboo_Peek,1721362201,Robot_Vo,Gp_Peekaboo_Peek,
Event,,Play__Robot_Vo__Gp_Peekaboo_Success,2691636253,Robot_Vo,Gp_Peekaboo_Success,
Event,,Play__Robot_Vo__Gp_Peekaboo_Thrice_1,3692253879,Robot_Vo,Gp_Peekaboo_Thrice_1,
Event,,Play__Robot_Vo__Gp_Peekaboo_Thrice_2,3692253876,Robot_Vo,Gp_Peekaboo_Thrice_2,
Event,,Play__Robot_Vo__Gp_Peekaboo_Thrice_3,3692253877,Robot_Vo,Gp_Peekaboo_Thrice_3,
Event,,Play__Robot_Vo__Gp_Qt_Tap_Effort,2222654907,Robot_Vo,Gp_Qt_Tap_Effort,
Event,,Play__Robot_Vo__Gp_Shared_Fakeout,543301532,Robot_Vo,Gp_Shared_Fakeout,
Event,,Play__Robot_Vo__Gp_Shared_Humph,2079303,Robot_Vo,Gp_Shared_Humph,
Event,,Play__Robot_Vo__Gp_Shared_Lose_Fit_Medium,3218891970,Robot_Vo,Gp_Shared_Lose_Fit_Medium,
Event,,Play__Robot_Vo__Gp_Shared_Lose_Fit_Short,876073127,Robot_Vo,Gp_Shared_Lose_Fit_Short,
Event,,Play__Robot_Vo__Gp_Shared_Lose_Growl_Medium,2046364900,Robot_Vo,Gp_Shared_Lose_Growl_Medium,
Event,,Play__Robot_Vo__Gp_Shared_Lose_Growl_Short,3207916529,Robot_Vo,Gp_Shared_Lose_Growl_Short,
Event,,Play__Robot_Vo__Gp_Shared_Lose_Growl_Short_01,1671409981,Robot_Vo,Gp_Shared_Lose_Growl_Short_01,
Event,,Play__Robot_Vo__Gp_Shared_Lose_Level_1,420891483,Robot_Vo,Gp_Shared_Lose_Level_1,
Event,,Play__Robot_Vo__Gp_Shared_Lose_Level_2,420891480,Robot_Vo,Gp_Shared_Lose_Level_2,
Event,,Play__Robot_Vo__Gp_Shared_Lose_Level_3,420891481,Robot_Vo,Gp_Shared_Lose_Level_3,
Event,,Play__Robot_Vo__Gp_Shared_Lose_Look_Up,361519622,Robot_Vo,Gp_Shared_Lose_Look_Up,
Event,,Play__Robot_Vo__Gp_Shared_Lose_Look_Up_Surprised,2413162080,Robot_Vo,Gp_Shared_Lose_Look_Up_Surprised,
Event,,Play__Robot_Vo__Gp_Shared_Lose_Surprised_Short,291687249,Robot_Vo,Gp_Shared_Lose_Surprised_Short,
Event,,Play__Robot_Vo__Gp_Shared_Lose_Throw_Cube,247758371,Robot_Vo,Gp_Shared_Lose_Throw_Cube,
Event,,Play__Robot_Vo__Gp_Shared_Win_Chachacha,2184979880,Robot_Vo,Gp_Shared_Win_Chachacha,
Event,,Play__Robot_Vo__Gp_Shared_Win_Laugh,2763212437,Robot_Vo,Gp_Shared_Win_Laugh,
Event,,Play__Robot_Vo__Gp_Shared_Win_Level_1,430910432,Robot_Vo,Gp_Shared_Win_Level_1,
Event,,Play__Robot_Vo__Gp_Shared_Win_Level_2,430910435,Robot_Vo,Gp_Shared_Win_Level_2,
Event,,Play__Robot_Vo__Gp_Shared_Win_Level_3,430910434,Robot_Vo,Gp_Shared_Win_Level_3,
Event,,Play__Robot_Vo__Gp_Shared_Win_Medium,3810035423,Robot_Vo,Gp_Shared_Win_Medium,
Event,,Play__Robot_Vo__Gp_Shared_Win_Short,943980464,Robot_Vo,Gp_Shared_Win_Short,
Event,,Play__Robot_Vo__Gp_Shared_Win_Wow_Short,771576844,Robot_Vo,Gp_Shared_Win_Wow_Short,
Event,,Play__Robot_Vo__Hiking_Hum_Happy,1163200773,Robot_Vo,Hiking_Hum_Happy,
Event,,Play__Robot_Vo__Hiking_Hum_Happy_Short,3113369638,Robot_Vo,Hiking_Hum_Happy_Short,
Event,,Play__Robot_Vo__Meet_Cozmo_Got_It,4040383078,Robot_Vo,Meet_Cozmo_Got_It,
Event,,Play__Robot_Vo__Meet_Cozmo_Thinking,1307500180,Robot_Vo,Meet_Cozmo_Thinking,
Event,,Play__Robot_Vo__Nurture_Energy_Cube_Charged,2970584318,Robot_Vo,Nurture_Energy_Cube_Charged,
Event,,Play__Robot_Vo__Nurture_Energy_Cube_Charged_Down,192388393,Robot_Vo,Nurture_Energy_Cube_Charged_Down,
Event,,Play__Robot_Vo__Nurture_Energy_Cube_Shake,12025276,Robot_Vo,Nurture_Energy_Cube_Shake,
Event,,Play__Robot_Vo__Nurture_Energy_Cube_Shake_Short,721786627,Robot_Vo,Nurture_Energy_Cube_Shake_Short,
Event,,Play__Robot_Vo__Nurture_Energy_Cube_Slurp_Long,123719483,Robot_Vo,Nurture_Energy_Cube_Slurp_Long,
Event,,Play__Robot_Vo__Nurture_Energy_Cube_Slurp_Short,660576053,Robot_Vo,Nurture_Energy_Cube_Slurp_Short,
Event,,Play__Robot_Vo__Nurture_Energy_Effort,1571365350,Robot_Vo,Nurture_Energy_Effort,
Event,,Play__Robot_Vo__Nurture_Energy_Relief,996340039,Robot_Vo,Nurture_Energy_Relief,
Event,,Play__Robot_Vo__Nurture_Energy_Sad_Long,1723715257,Robot_Vo,Nurture_Energy_Sad_Long,
Event,,Play__Robot_Vo__Nurture_Energy_Sad_Short,2241122639,Robot_Vo,Nurture_Energy_Sad_Short,
Event,,Play__Robot_Vo__Nurture_Energy_Severe_Stop,2843691623,Robot_Vo,Nurture_Energy_Severe_Stop,
Event,,Play__Robot_Vo__Nurture_Energy_Tired,2276804470,Robot_Vo,Nurture_Energy_Tired,
Event,,Play__Robot_Vo__Nurture_Energy_Tired_Loop,3556451871,Robot_Vo,Nurture_Energy_Tired_Loop,
Event,,Play__Robot_Vo__Nurture_Energy_Wakeup,1950409291,Robot_Vo,Nurture_Energy_Wakeup,
Event,,Play__Robot_Vo__Nurture_Play_Concern_Short,4217319781,Robot_Vo,Nurture_Play_Concern_Short,
Event,,Play__Robot_Vo__Nurture_Play_Drive,460388526,Robot_Vo,Nurture_Play_Drive,
Event,,Play__Robot_Vo__Nurture_Play_Getout,2797106178,Robot_Vo,Nurture_Play_Getout,
Event,,Play__Robot_Vo__Nurture_Play_Pouty,1845501759,Robot_Vo,Nurture_Play_Pouty,
Event,,Play__Robot_Vo__Nurture_Repair_Complete,2366089672,Robot_Vo,Nurture_Repair_Complete,
Event,,Play__Robot_Vo__Nurture_Repair_Complete_Curious,3461416271,Robot_Vo,Nurture_Repair_Complete_Curious,
Event,,Play__Robot_Vo__Nurture_Repair_Down,4222762077,Robot_Vo,Nurture_Repair_Down,
Event,,Play__Robot_Vo__Nurture_Repair_Down_Severe,1553453500,Robot_Vo,Nurture_Repair_Down_Severe,
Event,,Play__Robot_Vo__Nurture_Repair_Fix_Round_Severe,1492901078,Robot_Vo,Nurture_Repair_Fix_Round_Severe,
Event,,Play__Robot_Vo__Nurture_Repair_Fix_Round_Severe_Curious,1772402345,Robot_Vo,Nurture_Repair_Fix_Round_Severe_Curious,
Event,,Play__Robot_Vo__Nurture_Repair_Jolt_Medium,3545035822,Robot_Vo,Nurture_Repair_Jolt_Medium,
Event,,Play__Robot_Vo__Nurture_Repair_Jolt_Small,1583427256,Robot_Vo,Nurture_Repair_Jolt_Small,
Event,,Play__Robot_Vo__Nurture_Repair_Severe_Sad_Small,229901416,Robot_Vo,Nurture_Repair_Severe_Sad_Small,
Event,,Play__Robot_Vo__Nurture_Repair_Severe_Start,3078732004,Robot_Vo,Nurture_Repair_Severe_Start,
Event,,Play__Robot_Vo__Nurture_Repair_Up,647697450,Robot_Vo,Nurture_Repair_Up,
Event,,Play__Robot_Vo__Nurture_Repair_Up_Severe,1480383213,Robot_Vo,Nurture_Repair_Up_Severe,
Event,,Play__Robot_Vo__Nurture_Repiar_Fix_Round_Severe_Hopeful,3728668920,Robot_Vo,Nurture_Repiar_Fix_Round_Severe_Hopeful,
Event,,Play__Robot_Vo__Onboarding_Cube_Lift_First,1219220413,Robot_Vo,Onboarding_Cube_Lift_First,
Event,,Play__Robot_Vo__Onboarding_Cube_Lifted_React,1564490581,Robot_Vo,Onboarding_Cube_Lifted_React,
Event,,Play__Robot_Vo__Onboarding_Cube_Lifted_React_Taka,3320332885,Robot_Vo,Onboarding_Cube_Lifted_React_Taka,
Event,,Play__Robot_Vo__Onboarding_Cube_Lifted_React_Whoa,124760265,Robot_Vo,Onboarding_Cube_Lifted_React_Whoa,
Event,,Play__Robot_Vo__Onboarding_Cube_Lifted_React_Woohoo,2259447157,Robot_Vo,Onboarding_Cube_Lifted_React_Woohoo,
Event,,Play__Robot_Vo__Onboarding_Cube_Set_Celebrate,1518322125,Robot_Vo,Onboarding_Cube_Set_Celebrate,
Event,,Play__Robot_Vo__Onboarding_Cube_Set_First,2694671152,Robot_Vo,Onboarding_Cube_Set_First,
Event,,Play__Robot_Vo__Onboarding_Cube_Set_Wow,3560671663,Robot_Vo,Onboarding_Cube_Set_Wow,
Event,,Play__Robot_Vo__Onboarding_Curious_Huh,555367759,Robot_Vo,Onboarding_Curious_Huh,
Event,,Play__Robot_Vo__Onboarding_Curious_Look_Around,3020031119,Robot_Vo,Onboarding_Curious_Look_Around,
Event,,Play__Robot_Vo__Onboarding_Curious_Look_Up,2784611827,Robot_Vo,Onboarding_Curious_Look_Up,
Event,,Play__Robot_Vo__Onboarding_Eyes_Open,1462474442,Robot_Vo,Onboarding_Eyes_Open,
Event,,Play__Robot_Vo__Onboarding_Happy,142998609,Robot_Vo,Onboarding_Happy,
Event,,Play__Robot_Vo__Onboarding_See_Cube_First,3651618653,Robot_Vo,Onboarding_See_Cube_First,
Event,,Play__Robot_Vo__Onboarding_See_Face_First,3734844721,Robot_Vo,Onboarding_See_Face_First,
Event,,Play__Robot_Vo__Pet_Detection_Bark,3056349377,Robot_Vo,Pet_Detection_Bark,
Event,,Play__Robot_Vo__Pet_Detection_Cat_Meow,629947316,Robot_Vo,Pet_Detection_Cat_Meow,
Event,,Play__Robot_Vo__Pet_Detection_Growl,2361443718,Robot_Vo,Pet_Detection_Growl,
Event,,Play__Robot_Vo__Pet_Detection_Howl,1083767857,Robot_Vo,Pet_Detection_Howl,
Event,,Play__Robot_Vo__Pet_Detection_Roar,4176723711,Robot_Vo,Pet_Detection_Roar,
Event,,Play__Robot_Vo__Pet_Detection_Roar_End,4112591521,Robot_Vo,Pet_Detection_Roar_End,
Event,,Play__Robot_Vo__Pet_Detection_Sneeze,501972637,Robot_Vo,Pet_Detection_Sneeze,
Event,,Play__Robot_Vo__Pet_Detection_Sneeze_Shake,593425994,Robot_Vo,Pet_Detection_Sneeze_Shake,
Event,,Play__Robot_Vo__Placeholder,668634652,Robot_Vo,Placeholder,
Event,,Play__Robot_Vo__Pyramid_Giggle,3515365849,Robot_Vo,Pyramid_Giggle,
Event,,Play__Robot_Vo__Qa_Effort_Lift_Heavy,1250202556,Robot_Vo,Qa_Effort_Lift_Heavy,
Event,,Play__Robot_Vo__Qa_Gp_Peekaboo_Thrice_3,3016311342,Robot_Vo,Qa_Gp_Peekaboo_Thrice_3,
Event,,Play__Robot_Vo__Qa_Pet_Detection_Dog_Howl,916426147,Robot_Vo,Qa_Pet_Detection_Dog_Howl,
Event,,Play__Robot_Vo__Qa_React_Cliff,1310471692,Robot_Vo,Qa_React_Cliff,
Event,,Play__Robot_Vo__Qa_React_Pickup_Angry_2,188399711,Robot_Vo,Qa_React_Pickup_Angry_2,
Event,,Play__Robot_Vo__Qa_React_Stuck_Turtle_Roll_Fail_3,3867399020,Robot_Vo,Qa_React_Stuck_Turtle_Roll_Fail_3,
Event,,Play__Robot_Vo__Qa_React_Wheely_Spin,4043328071,Robot_Vo,Qa_React_Wheely_Spin,
Event,,Play__Robot_Vo__Qa_Shared_Angry,3062870207,Robot_Vo,Qa_Shared_Angry,
Event,,Play__Robot_Vo__Qa_Shared_Hiccup_Big,760592175,Robot_Vo,Qa_Shared_Hiccup_Big,
Event,,Play__Robot_Vo__React_3_Cube_Topple_P1,3537517197,Robot_Vo,React_3_Cube_Topple_P1,
Event,,Play__Robot_Vo__React_3_Cube_Topple_P2,3537517198,Robot_Vo,React_3_Cube_Topple_P2,
Event,,Play__Robot_Vo__React_Cliff,3202816225,Robot_Vo,React_Cliff,
Event,,Play__Robot_Vo__React_Face_Suspicious,3698170420,Robot_Vo,React_Face_Suspicious,
Event,,Play__Robot_Vo__React_Pickup,2638083869,Robot_Vo,React_Pickup,
Event,,Play__Robot_Vo__React_Pickup_Angry_P1,703918427,Robot_Vo,React_Pickup_Angry_P1,
Event,,Play__Robot_Vo__React_Pickup_Angry_P2,703918424,Robot_Vo,React_Pickup_Angry_P2,
Event,,Play__Robot_Vo__React_Stuck_Angry_P1,1511466269,Robot_Vo,React_Stuck_Angry_P1,
Event,,Play__Robot_Vo__React_Stuck_Angry_P2,1511466270,Robot_Vo,React_Stuck_Angry_P2,
Event,,Play__Robot_Vo__React_Stuck_Turtle_Roll_Fail_P1,3446648261,Robot_Vo,React_Stuck_Turtle_Roll_Fail_P1,
Event,,Play__Robot_Vo__React_Stuck_Turtle_Roll_Fail_P2,3446648262,Robot_Vo,React_Stuck_Turtle_Roll_Fail_P2,
Event,,Play__Robot_Vo__React_Stuck_Turtle_Roll_Fail_P3,3446648263,Robot_Vo,React_Stuck_Turtle_Roll_Fail_P3,
Event,,Play__Robot_Vo__React_Stuck_Turtle_Roll_Ninja,180669663,Robot_Vo,React_Stuck_Turtle_Roll_Ninja,
Event,,Play__Robot_Vo__React_Stuck_Turtle_Roll_Zen,1764781296,Robot_Vo,React_Stuck_Turtle_Roll_Zen,
Event,,Play__Robot_Vo__React_Wheely_Spin,1957283066,Robot_Vo,React_Wheely_Spin,
Event,,Play__Robot_Vo__Shared_Align_Grunt,254819395,Robot_Vo,Shared_Align_Grunt,
Event,,Play__Robot_Vo__Shared_Angry,1580670828,Robot_Vo,Shared_Angry,
Event,,Play__Robot_Vo__Shared_Angry_Muttering_Loop_Play,3743522050,Robot_Vo,Shared_Angry_Muttering_Loop_Play,
Event,,Play__Robot_Vo__Shared_Angry_Short,622779059,Robot_Vo,Shared_Angry_Short,
Event,,Play__Robot_Vo__Shared_Awe,4199618846,Robot_Vo,Shared_Awe,
Event,,Play__Robot_Vo__Shared_Bored_Look_Side,751598833,Robot_Vo,Shared_Bored_Look_Side,
Event,,Play__Robot_Vo__Shared_Bored_Look_Up,2589648919,Robot_Vo,Shared_Bored_Look_Up,
Event,,Play__Robot_Vo__Shared_Bored_Sigh_Long,412109486,Robot_Vo,Shared_Bored_Sigh_Long,
Event,,Play__Robot_Vo__Shared_Bored_Sigh_Short,2741090610,Robot_Vo,Shared_Bored_Sigh_Short,
Event,,Play__Robot_Vo__Shared_Celebrate_Spin,2159643843,Robot_Vo,Shared_Celebrate_Spin,
Event,,Play__Robot_Vo__Shared_Curious,3556785413,Robot_Vo,Shared_Curious,
Event,,Play__Robot_Vo__Shared_Curious_Mutter,2721235403,Robot_Vo,Shared_Curious_Mutter,
Event,,Play__Robot_Vo__Shared_Disappointed_Short,327662522,Robot_Vo,Shared_Disappointed_Short,
Event,,Play__Robot_Vo__Shared_Effort_Lift,3824979789,Robot_Vo,Shared_Effort_Lift,
Event,,Play__Robot_Vo__Shared_Effort_Lift_Heavy,3398455981,Robot_Vo,Shared_Effort_Lift_Heavy,
Event,,Play__Robot_Vo__Shared_Effort_Pounce,3727241044,Robot_Vo,Shared_Effort_Pounce,
Event,,Play__Robot_Vo__Shared_Effort_Pounce_Heavy,738969844,Robot_Vo,Shared_Effort_Pounce_Heavy,
Event,,Play__Robot_Vo__Shared_Effort_Set,1467890010,Robot_Vo,Shared_Effort_Set,
Event,,Play__Robot_Vo__Shared_Effort_Set_Heavy,606158106,Robot_Vo,Shared_Effort_Set_Heavy,
Event,,Play__Robot_Vo__Shared_Effort_Short,3200991712,Robot_Vo,Shared_Effort_Short,
Event,,Play__Robot_Vo__Shared_Excited,2884456673,Robot_Vo,Shared_Excited,
Event,,Play__Robot_Vo__Shared_Excited_Loop_Play,2679819871,Robot_Vo,Shared_Excited_Loop_Play,
Event,,Play__Robot_Vo__Shared_Fall_Asleep,3524061431,Robot_Vo,Shared_Fall_Asleep,
Event,,Play__Robot_Vo__Shared_Fall_Cliff_Scream,3144703383,Robot_Vo,Shared_Fall_Cliff_Scream,
Event,,Play__Robot_Vo__Shared_Frantic_Muttering_Loop_Play,3451388870,Robot_Vo,Shared_Frantic_Muttering_Loop_Play,
Event,,Play__Robot_Vo__Shared_Frustrated_Low,1701937252,Robot_Vo,Shared_Frustrated_Low,
Event,,Play__Robot_Vo__Shared_Fussy,3400453885,Robot_Vo,Shared_Fussy,
Event,,Play__Robot_Vo__Shared_Fussy_Loop_Play,756640443,Robot_Vo,Shared_Fussy_Loop_Play,
Event,,Play__Robot_Vo__Shared_Fussy_Short,297407534,Robot_Vo,Shared_Fussy_Short,
Event,,Play__Robot_Vo__Shared_Giggle_Happy_Loop_Play,1488458019,Robot_Vo,Shared_Giggle_Happy_Loop_Play,
Event,,Play__Robot_Vo__Shared_Giggle_Short,3928693597,Robot_Vo,Shared_Giggle_Short,
Event,,Play__Robot_Vo__Shared_Happy,3531557633,Robot_Vo,Shared_Happy,
Event,,Play__Robot_Vo__Shared_Happy_Long,174359366,Robot_Vo,Shared_Happy_Long,
Event,,Play__Robot_Vo__Shared_Happy_Loop_Play,3025145855,Robot_Vo,Shared_Happy_Loop_Play,
Event,,Play__Robot_Vo__Shared_Happy_Short,1066816362,Robot_Vo,Shared_Happy_Short,
Event,,Play__Robot_Vo__Shared_Hiccup,2997626993,Robot_Vo,Shared_Hiccup,
Event,,Play__Robot_Vo__Shared_Hiccup_Big,499154038,Robot_Vo,Shared_Hiccup_Big,
Event,,Play__Robot_Vo__Shared_Hiccup_Relief,2188209935,Robot_Vo,Shared_Hiccup_Relief,
Event,,Play__Robot_Vo__Shared_Idea,2993967144,Robot_Vo,Shared_Idea,
Event,,Play__Robot_Vo__Shared_Idea_Loop_Play,1684239554,Robot_Vo,Shared_Idea_Loop_Play,
Event,,Play__Robot_Vo__Shared_Idea_Short,1143549143,Robot_Vo,Shared_Idea_Short,
Event,,Play__Robot_Vo__Shared_Inhale,237432456,Robot_Vo,Shared_Inhale,
Event,,Play__Robot_Vo__Shared_Inhale_Breath_Medium,2492717357,Robot_Vo,Shared_Inhale_Breath_Medium,
Event,,Play__Robot_Vo__Shared_Interested,1609212516,Robot_Vo,Shared_Interested,
Event,,Play__Robot_Vo__Shared_Interested_Long,3957181661,Robot_Vo,Shared_Interested_Long,
Event,,Play__Robot_Vo__Shared_Pain,3089977461,Robot_Vo,Shared_Pain,
Event,,Play__Robot_Vo__Shared_Pounce_02,288653932,Robot_Vo,Shared_Pounce_02,
Event,,Play__Robot_Vo__Shared_Pounce_03,288653933,Robot_Vo,Shared_Pounce_03,
Event,,Play__Robot_Vo__Shared_Pounce_04,288653930,Robot_Vo,Shared_Pounce_04,
Event,,Play__Robot_Vo__Shared_Pounce_Fail,4228327806,Robot_Vo,Shared_Pounce_Fail,
Event,,Play__Robot_Vo__Shared_Raspberry,717035989,Robot_Vo,Shared_Raspberry,
Event,,Play__Robot_Vo__Shared_React_Face,60844582,Robot_Vo,Shared_React_Face,
Event,,Play__Robot_Vo__Shared_Sad,69470719,Robot_Vo,Shared_Sad,
Event,,Play__Robot_Vo__Shared_Sad_Long,2147481440,Robot_Vo,Shared_Sad_Long,
Event,,Play__Robot_Vo__Shared_Snobby,2457314414,Robot_Vo,Shared_Snobby,
Event,,Play__Robot_Vo__Shared_Snore,654990394,Robot_Vo,Shared_Snore,
Event,,Play__Robot_Vo__Shared_Snore_Short,2130053793,Robot_Vo,Shared_Snore_Short,
Event,,Play__Robot_Vo__Shared_Squint,2057205297,Robot_Vo,Shared_Squint,
Event,,Play__Robot_Vo__Shared_Surprised,2054953516,Robot_Vo,Shared_Surprised,
Event,,Play__Robot_Vo__Shared_Surprised_Short,1145334899,Robot_Vo,Shared_Surprised_Short,
Event,,Play__Robot_Vo__Shared_Suspicious,844374444,Robot_Vo,Shared_Suspicious,
Event,,Play__Robot_Vo__Shared_Suspicious_Short,35665907,Robot_Vo,Shared_Suspicious_Short,
Event,,Play__Robot_Vo__Shared_Take_Damage_Light,3078492749,Robot_Vo,Shared_Take_Damage_Light,
Event,,Play__Robot_Vo__Shared_Thinking_Short,3456819050,Robot_Vo,Shared_Thinking_Short,
Event,,Play__Robot_Vo__Shared_Upgrade_Curious,2081938528,Robot_Vo,Shared_Upgrade_Curious,
Event,,Play__Robot_Vo__Shared_Upgrade_Impressed,1733627270,Robot_Vo,Shared_Upgrade_Impressed,
Event,,Play__Robot_Vo__Shared_Upgrade_Surprised,954550705,Robot_Vo,Shared_Upgrade_Surprised,
Event,,Play__Robot_Vo__Shared_Wake_Up_1,67470331,Robot_Vo,Shared_Wake_Up_1,
Event,,Play__Robot_Vo__Shared_Wake_Up_2,67470328,Robot_Vo,Shared_Wake_Up_2,
Event,,Play__Robot_Vo__Shared_Wake_Up_3,67470329,Robot_Vo,Shared_Wake_Up_3,
Event,,Play__Robot_Vo__Shared_Wake_Up_4,67470334,Robot_Vo,Shared_Wake_Up_4,
Event,,Play__Robot_Vo__Shared_Wake_Up_P1,246308351,Robot_Vo,Shared_Wake_Up_P1,
Event,,Play__Robot_Vo__Shared_Wake_Up_P2,246308348,Robot_Vo,Shared_Wake_Up_P2,
Event,,Play__Robot_Vo__Shared_Wake_Up_Snort,781027234,Robot_Vo,Shared_Wake_Up_Snort,
Event,,Play__Robot_Vo__Sing_Getin_02_01,2742695825,Robot_Vo,Sing_Getin_02_01,
Event,,Play__Robot_Vo__Sing_Getin_02_02,2742695826,Robot_Vo,Sing_Getin_02_02,
Event,,Play__Robot_Vo__Sing_Getin_03_01,1213378778,Robot_Vo,Sing_Getin_03_01,
Event,,Play__Robot_Vo__Sing_Getin_03_02,1213378777,Robot_Vo,Sing_Getin_03_02,
Event,,Play__Robot_Vo__Singing_Getin_1,2007174956,Robot_Vo,Singing_Getin_1,
Event,,Play__Robot_Vo__Singing_Getin_2,2007174959,Robot_Vo,Singing_Getin_2,
Event,,Play__Robot_Vo__Singing_Getin_3,2007174958,Robot_Vo,Singing_Getin_3,
Event,,Play__Robot_Vo__Sparked_Driving,3606845375,Robot_Vo,Sparked_Driving,
Event,,Play__Robot_Vo__Sparked_Driving_Look,2670470879,Robot_Vo,Sparked_Driving_Look,
Event,,Play__Robot_Vo__Sparked_Driving_Start,1233493330,Robot_Vo,Sparked_Driving_Start,
Event,,Play__Robot_Vo__Sparked_Fail,2861844754,Robot_Vo,Sparked_Fail,
Event,,Play__Robot_Vo__Sparked_Out,2452343422,Robot_Vo,Sparked_Out,
Event,,Play__Robot_Vo__Sparked_Pyramid_Complete,1438874844,Robot_Vo,Sparked_Pyramid_Complete,
Event,,Play__Robot_Vo__Sparked_Ready_To_Go,4268262662,Robot_Vo,Sparked_Ready_To_Go,
Event,,Play__Robot_Vo__Sparked_Succeed,4231360462,Robot_Vo,Sparked_Succeed,
Event,,Play__Robot_Vo__Sparked_Succeed_Tada,2693760973,Robot_Vo,Sparked_Succeed_Tada,
Event,,Play__Robot_Vo__Sparked_Surprise,3822640315,Robot_Vo,Sparked_Surprise,
Event,,Play__Robot_Vo__Sparked_Workout_Break_Lift_Pain,492094136,Robot_Vo,Sparked_Workout_Break_Lift_Pain,
Event,,Play__Robot_Vo__Sparked_Workout_Break_Lift_Startled,1138165379,Robot_Vo,Sparked_Workout_Break_Lift_Startled,
Event,,Play__Robot_Vo__Sparked_Workout_Break_Lift_Struggle,9918389,Robot_Vo,Sparked_Workout_Break_Lift_Struggle,
Event,,Play__Robot_Vo__Sparked_Workout_Lift_Fail,1101180372,Robot_Vo,Sparked_Workout_Lift_Fail,
Event,,Play__Robot_Vo__Sparked_Workout_Lift_Fail_Struggle,835476802,Robot_Vo,Sparked_Workout_Lift_Fail_Struggle,
Event,,Play__Robot_Vo__Sparked_Workout_Lift_Fail_Struggle_Long,1462283623,Robot_Vo,Sparked_Workout_Lift_Fail_Struggle_Long,
Event,,Play__Robot_Vo__Sparked_Workout_Lift_Fail_Struggle_Longest,2885068477,Robot_Vo,Sparked_Workout_Lift_Fail_Struggle_Longest,
Event,,Play__Robot_Vo__Sparked_Workout_Lift_Fail_Tired,3312564867,Robot_Vo,Sparked_Workout_Lift_Fail_Tired,
Event,,Play__Robot_Vo__Sparked_Workout_Lift_Success_Showoff,2247677502,Robot_Vo,Sparked_Workout_Lift_Success_Showoff,
Event,,Play__Robot_Vo__Sparked_Workout_Lift_Success_Strong,1844409553,Robot_Vo,Sparked_Workout_Lift_Success_Strong,
Event,,Play__Robot_Vo__Sparked_Workout_Lift_Success_Throw_Block,3296787010,Robot_Vo,Sparked_Workout_Lift_Success_Throw_Block,
Event,,Play__Robot_Vo__Sparked_Workout_Lift_Success_Weak,2216609612,Robot_Vo,Sparked_Workout_Lift_Success_Weak,
Event,,Play__Robot_Vo__Test_English_Nathan,1093959669,Robot_Vo,Test_English_Nathan,
Event,,Play__Robot_Vo__Test_French_Thomas,675768851,Robot_Vo,Test_French_Thomas,
Event,,Play__Robot_Vo__Test_German_Markus,839828754,Robot_Vo,Test_German_Markus,
Event,,Play__Robot_Vo__Test_German_Yannick,440564342,Robot_Vo,Test_German_Yannick,
Event,,Play__Robot_Vo__Test_Japanese_Daisuke,649271426,Robot_Vo,Test_Japanese_Daisuke,
Event,,Play__Robot_Vo__Test_Japanese_Ichiro,3160185928,Robot_Vo,Test_Japanese_Ichiro,
Event,,Play__Robot_Vo__Word_Cat,743962600,Robot_Vo,Word_Cat,
Event,,Play__Robot_Vo__Word_Cube_Happy,1400293052,Robot_Vo,Word_Cube_Happy,
Event,,Play__Robot_Vo__Word_Cube_Neutral,740915407,Robot_Vo,Word_Cube_Neutral,
Event,,Play__Robot_Vo__Word_Cube_Request,3660085349,Robot_Vo,Word_Cube_Request,
Event,,Play__Robot_Vo__Word_Cube_Sad,3995541618,Robot_Vo,Word_Cube_Sad,
Event,,Play__Robot_Vo__Word_Dog,843495306,Robot_Vo,Word_Dog,
Event,,Play__Robot_Vo__Word_Energy_Request_Level_1,3962217785,Robot_Vo,Word_Energy_Request_Level_1,
Event,,Play__Robot_Vo__Word_Energy_Request_Level_2,3962217786,Robot_Vo,Word_Energy_Request_Level_2,
Event,,Play__Robot_Vo__Word_Energy_Shake_Cube,3630074233,Robot_Vo,Word_Energy_Shake_Cube,
Event,,Play__Robot_Vo__Word_Fist_Bump,1089575137,Robot_Vo,Word_Fist_Bump,
Event,,Play__Robot_Vo__Word_Fist_Bump_Request,3296388559,Robot_Vo,Word_Fist_Bump_Request,
Event,,Play__Robot_Vo__Word_Keepaway_Excited,3097808214,Robot_Vo,Word_Keepaway_Excited,
Event,,Play__Robot_Vo__Word_Keepaway_Request,3460255911,Robot_Vo,Word_Keepaway_Request,
Event,,Play__Robot_Vo__Word_Keepaway_Sad,2098273712,Robot_Vo,Word_Keepaway_Sad,
Event,,Play__Robot_Vo__Word_Memory_Match_Happy,2694835404,Robot_Vo,Word_Memory_Match_Happy,
Event,,Play__Robot_Vo__Word_Memory_Match_Request,4090420021,Robot_Vo,Word_Memory_Match_Request,
Event,,Play__Robot_Vo__Word_Memory_Match_Sad,1881407426,Robot_Vo,Word_Memory_Match_Sad,
Event,,Play__Robot_Vo__Word_Peekaboo_Level_1,2687916921,Robot_Vo,Word_Peekaboo_Level_1,
Event,,Play__Robot_Vo__Word_Peekaboo_Request,4173776344,Robot_Vo,Word_Peekaboo_Request,
Event,,Play__Robot_Vo__Word_Play_Level_1_Request,2147550587,Robot_Vo,Word_Play_Level_1_Request,
Event,,Play__Robot_Vo__Word_Play_Level_1_Shout,3890885607,Robot_Vo,Word_Play_Level_1_Shout,
Event,,Play__Robot_Vo__Word_Play_Level_2,583294374,Robot_Vo,Word_Play_Level_2,
Event,,Play__Robot_Vo__Word_Quick_Tap,444948971,Robot_Vo,Word_Quick_Tap,
Event,,Play__Robot_Vo__Word_Speedtap_Excited,2751243663,Robot_Vo,Word_Speedtap_Excited,
Event,,Play__Robot_Vo__Word_Speedtap_Request,919083726,Robot_Vo,Word_Speedtap_Request,
Event,,Play__Robot_Vo__Shared_Curious_Short,4047754278,Robot_Vo,Shared_Curious_Short
Event,,Stop__Robot_Vic_Sfx__Attention_Device_Loop_Stop,2479504035,Robot_Vic_Sfx,Attention_Device_Loop_Stop,
Event,,Stop__Robot_Vic_Sfx__Camera_Charge_Stop,3169780311,Robot_Vic_Sfx,Camera_Charge_Stop,
Event,,Stop__Robot_Vic_Sfx__Concentrate_Loop_Stop,1731537112,Robot_Vic_Sfx,Concentrate_Loop_Stop,
Event,,Stop__Robot_Vic_Sfx__Dsp_Loop_Stop,816586909,Robot_Vic_Sfx,Dsp_Loop_Stop,
Event,,Stop__Robot_Vic_Sfx__Emote_Stop,3557511739,Robot_Vic_Sfx,Emote_Stop,
Event,,Stop__Robot_Vic_Sfx__Head_Loop_Stop,797290054,Robot_Vic_Sfx,Head_Loop_Stop,
Event,,Stop__Robot_Vic_Sfx__Head_Mood,3271727348,Robot_Vic_Sfx,Head_Mood,
Event,,Stop__Robot_Vic_Sfx__How_Old_Loop_Stop,3229565588,Robot_Vic_Sfx,How_Old_Loop_Stop,
Event,,Stop__Robot_Vic_Sfx__Knowledge_Graph_Listening_Loop_Stop,3712102539,Robot_Vic_Sfx,Knowledge_Graph_Listening_Loop_Stop,
Event,,Stop__Robot_Vic_Sfx__Knowledge_Graph_Loop_Stop,3927586993,Robot_Vic_Sfx,Knowledge_Graph_Loop_Stop,
Event,,Stop__Robot_Vic_Sfx__Knowledge_Graph_Searching_Loop_Stop,2075720120,Robot_Vic_Sfx,Knowledge_Graph_Searching_Loop_Stop,
Event,,Stop__Robot_Vic_Sfx__Lift_High_Mood,2505487592,Robot_Vic_Sfx,Lift_High_Mood,
Event,,Stop__Robot_Vic_Sfx__Lift_Loop_Stop,736173087,Robot_Vic_Sfx,Lift_Loop_Stop,
Event,,Stop__Robot_Vic_Sfx__Low_Light_Charging_Loop_Stop,1795232951,Robot_Vic_Sfx,Low_Light_Charging_Loop_Stop,
Event,,Stop__Robot_Vic_Sfx__Planning_Loop_Stop,2420361307,Robot_Vic_Sfx,Planning_Loop_Stop,
Event,,Stop__Robot_Vic_Sfx__Purr_Loop_Stop,3624594237,Robot_Vic_Sfx,Purr_Loop_Stop,
Event,,Stop__Robot_Vic_Sfx__Scan_Face_Loop_Stop,670694969,Robot_Vic_Sfx,Scan_Face_Loop_Stop,
Event,,Stop__Robot_Vic_Sfx__Scan_Loop_Stop,3329286691,Robot_Vic_Sfx,Scan_Loop_Stop,
Event,,Stop__Robot_Vic_Sfx__Shaking_Level_1_Stop,1019978791,Robot_Vic_Sfx,Shaking_Level_1_Stop,
Event,,Stop__Robot_Vic_Sfx__Shaking_Level_2_Stop,2054107014,Robot_Vic_Sfx,Shaking_Level_2_Stop,
Event,,Stop__Robot_Vic_Sfx__Shaking_Level_3_Stop,3557132089,Robot_Vic_Sfx,Shaking_Level_3_Stop,
Event,,Stop__Robot_Vic_Sfx__Snowglobe_All_Loop_Stop,1333208724,Robot_Vic_Sfx,Snowglobe_All_Loop_Stop,
Event,,Stop__Robot_Vic_Sfx__Snowglobe_Chime_Loop_Fast_Stop,2675710110,Robot_Vic_Sfx,Snowglobe_Chime_Loop_Fast_Stop,
Event,,Stop__Robot_Vic_Sfx__Snowglobe_Chime_Loop_Medium_Stop,1485491007,Robot_Vic_Sfx,Snowglobe_Chime_Loop_Medium_Stop,
Event,,Stop__Robot_Vic_Sfx__Snowglobe_Chime_Loop_Slow_Stop,4193980929,Robot_Vic_Sfx,Snowglobe_Chime_Loop_Slow_Stop,
Event,,Stop__Robot_Vic_Sfx__Snowglobe_Global_Loop_Stop,555760346,Robot_Vic_Sfx,Snowglobe_Global_Loop_Stop,
Event,,Stop__Robot_Vic_Sfx__Snowglobe_Wind_Loop_Fast_Stop,1755199022,Robot_Vic_Sfx,Snowglobe_Wind_Loop_Fast_Stop,
Event,,Stop__Robot_Vic_Sfx__Snowglobe_Wind_Loop_Slow_Stop,1119216913,Robot_Vic_Sfx,Snowglobe_Wind_Loop_Slow_Stop,
Event,,Stop__Robot_Vic_Sfx__Timer_Run_Down_Loop_Stop,2920632256,Robot_Vic_Sfx,Timer_Run_Down_Loop_Stop,
Event,,Stop__Robot_Vic_Sfx__Tread_Loop_Stop,990175872,Robot_Vic_Sfx,Tread_Loop_Stop,
Event,,Stop__Robot_Vic_Sfx__Wake_Word_Success_Processing_Stop,2452862642,Robot_Vic_Sfx,Wake_Word_Success_Processing_Stop,
Event,,Stop__Robot_Vic_Sfx__Working_Loop_Stop,2468739505,Robot_Vic_Sfx,Working_Loop_Stop,
Event,,Stop__Robot_Vic__External_Sdk_Playback_01,3298247410,Robot_Vic,External_Sdk_Playback_01,
Event,,Stop__Robot_Vic__External_Sdk_Playback_02,3298247409,Robot_Vic,External_Sdk_Playback_02,